ensembl_id	gene	UNEECON-G	pLI	mis-z	RVIS	GDI	disease_or_essential_gene
ENSG00000001497	LAS1L	0.522129	0.36362	0.32413	1.073970209	-7.8908	1
ENSG00000004897	CDC27	0.381108	0.98163	3.7033	-2.650270861	-13.5224	1
ENSG00000005007	UPF1	0.579659	1	5.7228	2.440066549	-41.94856	1
ENSG00000005100	DHX33	0.157958	5.9322e-07	0.61231	-0.179868099	-2125.04472	1
ENSG00000006059	KRT33A	0.068372	2.2351e-17	-1.0139	-0.674411424	-3414.0807	0
ENSG00000006659	LGALS14	0.031913	0.0064302	-0.046521	-0.852191298	-495.28106	0
ENSG00000006695	COX10	0.149824	0.15669	-0.051862	-0.572098044	-5896.38929	1
ENSG00000006744	ELAC2	0.127249	0.002348	0.066535	0.918880477	-1342.48638	1
ENSG00000007168	PAFAH1B1	0.656821	0.89661	3.6662	0.48804202	-4.95413	1
ENSG00000007306	CEACAM7	0.038844	0.00022077	-0.72537	-0.648174699	-239.82924	0
ENSG00000008018	PSMB1	0.308495	0.96974	0.88852	0.269825348	-1798.99636	1
ENSG00000008197	TFAP2D	0.223281	0.99344	0.77349	0.585982266	-509.04894	0
ENSG00000008324	SS18L2	0.109783	0.015872	0.21877	0.119244784	-2.40691	1
ENSG00000008988	RPS20	0.343805	0.049467	0.29546	-0.04180098	-29.08929	1
ENSG00000010256	UQCRC1	0.123648	0.010998	0.57697	0.344493493	-259.99619	1
ENSG00000011083	SLC6A7	0.081652	4.0041e-10	0.67739	0.557559766	-154.49049	0
ENSG00000014138	POLA2	0.12242	0.00060122	0.14832	0.221876986	-995.15873	1
ENSG00000014919	COX15	0.106879	1.4383e-13	0.39565	-0.184559793	-123.8909	1
ENSG00000015676	NUDCD3	0.190221	0.43616	0.9541	-0.280938652	-1744.96605	1
ENSG00000016490	CLCA1	0.140044	4.0899e-09	0.69889	0.325918437	-286.69998	0
ENSG00000018699	TTC27	0.050686	0.00051806	-0.4587	-0.078960071	-2573.15326	1
ENSG00000021776	AQR	0.433835	0.70013	0.61318	1.634727362	-267.74625	1
ENSG00000021852	C8B	0.132041	5.6173e-17	-0.69116	-0.898569355	-596.12337	0
ENSG00000022355	GABRA1	0.678718	0.75441	3.347	0.555053577	-14.94107	0
ENSG00000023608	SNAPC1	0.063544	1.898e-15	0.0093673	0.263891066	-438.18022	1
ENSG00000027644	INSRR	0.056968	1.4098e-24	0.77977	0.510591017	-1815.11428	0
ENSG00000030066	NUP160	0.131397	0.00077027	0.97701	1.489622521	-750.99342	1
ENSG00000031698	SARS	0.509825	0.99946	2.7559	0.337618009	-60.23566	1
ENSG00000033011	ALG1	0.149525	0.0006351	-0.88869	-1.878592887	-992.70946	1
ENSG00000035687	ADSS	0.367668	0.36264	2.3413	0.480543862	-99.3475	1
ENSG00000039650	PNKP	0.056273	5.5294e-15	-0.60811	-0.239382458	-306.43839	1
ENSG00000041357	PSMA4	0.558306	0.48835	2.6272	0.256235389	-6.98921	1
ENSG00000041802	LSG1	0.082694	0.00015968	0.62835	-0.923407078	-477.81473	1
ENSG00000042304	C2orf83	0.051641	0.00077198	0.72092	-0.66786896	-3701.49462	0
ENSG00000046647	GEMIN8	0.193353	0.94957	0.62962	-0.072444621	-199.52361	1
ENSG00000047315	POLR2B	0.671522	0.37683	6.9038	1.668272562	-27.50599	1
ENSG00000048162	NOP16	0.076796	0.012458	0.095007	-0.946227733	-395.77746	1
ENSG00000049541	RFC2	0.260585	0.00012117	1.2358	0.366202926	-28.64476	1
ENSG00000051596	THOC3	0.111071	0.35718	0.63198	-0.269078659	-439.11136	1
ENSG00000052749	RRP12	0.108541	6.4432e-09	0.89928	0.369839552	-7215.81402	1
ENSG00000053900	ANAPC4	0.241701	0.0006922	2.6835	1.227235574	-677.04369	1
ENSG00000054116	TRAPPC3	0.21435	0.23784	0.58509	-0.074133921	-8.56449	1
ENSG00000054796	SPO11	0.08729	2.8106e-05	0.94558	-0.18534205	-55.96155	0
ENSG00000055950	MRPL43	0.110718	0.0018245	0.99746	-0.706128285	-33.61939	1
ENSG00000058729	RIOK2	0.088598	0.23932	0.84254	-0.752671185	-3638.14552	1
ENSG00000060069	CTDP1	0.281355	0.00089346	0.80553	0.258121726	-993.37938	1
ENSG00000062582	MRPS24	0.075958	0.004413	0.20889	-0.296096766	-455.81027	1
ENSG00000063244	U2AF2	0.816155	0.98969	4.9363	0.865126424	-2.06422	1
ENSG00000064419	TNPO3	0.446264	1.5091e-06	3.6031	1.789520273	-39.14188	1
ENSG00000064703	DDX20	0.038111	0.012627	-0.78541	-0.00679751	-3458.89491	1
ENSG00000065183	WDR3	0.126826	0.50411	0.70072	1.3027135	-1882.12176	1
ENSG00000065427	KARS	0.218337	1.3866e-06	-0.88959	0.953392818	-1160.04303	1
ENSG00000067596	DHX8	0.598275	0.19808	0.71037	1.692502275	-50.49145	1
ENSG00000068654	POLR1A	0.364701	0.99967	3.1465	3.016801258	-1702.42047	1
ENSG00000068784	SRBD1	0.146646	1.5106e-06	-0.30971	-0.53258208	-1106.38934	1
ENSG00000069018	TRPC7	0.261548	0.00017797	2.3441	1.420026855	-84.6537	0
ENSG00000069248	NUP133	0.188989	5.7051e-05	-0.41719	0.397464973	-2797.4806	1
ENSG00000070748	CHAT	0.228549	1.5261e-07	0.39532	-1.825782568	-2403.82842	0
ENSG00000070756	PABPC1	0.590352	0.92538	0.82127	-0.982308907	-3992.89486	1
ENSG00000070785	EIF2B3	0.200315	0.38396	0.9684	-0.420895505	-47.17108	1
ENSG00000071677	PRLH	0.025813	0.099527	-0.5278	-0.1238068	-26.46551	0
ENSG00000071894	CPSF1	0.395909	0.019962	0.91457	2.394567361	-168.25385	1
ENSG00000072274	TFRC	0.138644	0.45479	0.83723	0.083485913	-1218.14798	1
ENSG00000072315	TRPC5	0.559821	0.99976	3.3274	1.110644073	-40.06446	0
ENSG00000072501	SMC1A	0.794042	0.9845	6.5457	1.950420145	-3.97733	1
ENSG00000072506	HSD17B10	0.624554	0.89669	2.5605	0.084510452	-5.13761	1
ENSG00000073536	NLE1	0.142064	3.3134e-05	0.84766	0.092384416	-748.33609	1
ENSG00000074071	MRPS34	0.056756	0.0026719	-1.4826	0.029741842	-5530.24827	1
ENSG00000074201	CLNS1A	0.175191	0.7124	0.98589	-0.011651944	-18.65228	1
ENSG00000074771	NOX3	0.040994	1.437e-14	-0.22958	0.148933205	-3560.05559	0
ENSG00000075624	ACTB	0.94883	0.56043	5.0999	0.856067067	-1.93092	1
ENSG00000075856	SART3	0.268236	0.46567	0.98344	1.497697679	-1963.71024	1
ENSG00000075914	EXOSC7	0.062899	9.8846e-06	-0.24832	0.196879778	-488.76108	1
ENSG00000076201	PTPN23	0.186049	0.81123	1.7099	1.72949196	-1113.07486	1
ENSG00000076924	XAB2	0.275608	0.98657	1.948	1.448802042	-119.33169	1
ENSG00000077235	GTF3C1	0.284779	0.14536	0.97558	1.843330122	-930.46672	1
ENSG00000077380	DYNC1I2	0.321005	1.5608e-07	0.95887	0.465548304	-26.9112	1
ENSG00000077498	TYR	0.034656	4.3331e-32	-1.8815	0.899185256	-2416.90647	0
ENSG00000079557	AFM	0.03941	2.5534e-19	-0.63095	-1.072435665	-492.22953	0
ENSG00000079805	DNM2	0.522818	0.028585	0.62413	1.511897262	-50.91122	1
ENSG00000080511	RDH8	0.04674	0.0013214	0.58468	-0.098024748	-2128.1685	0
ENSG00000080986	NDC80	0.284009	0.026324	0.32903	0.785459701	-1749.20507	1
ENSG00000081800	SLC13A1	0.064923	2.0891e-06	0.52803	-0.429793343	-127.90486	0
ENSG00000082068	WDR70	0.368982	0.0012666	2.2884	0.987128202	-29.56978	1
ENSG00000082516	GEMIN5	0.087941	5.8232e-21	0.21901	-0.837226173	-680.51029	1
ENSG00000082898	XPO1	0.815373	0.76356	6.2632	1.489851168	-10.80842	1
ENSG00000083520	DIS3	0.089588	4.519e-19	0.88736	-0.140659776	-2458.67493	1
ENSG00000083845	RPS5	0.68208	0.95113	2.8461	0.272792949	-6.77172	1
ENSG00000084623	EIF3I	0.4165	0.94591	2.578	0.542244932	-10.71668	1
ENSG00000085415	SEH1L	0.272424	0.83666	0.65693	0.395569285	-70.573	1
ENSG00000085872	CHERP	0.582701	1	4.3354	1.38002315	-30.28923	1
ENSG00000086189	DIMT1	0.141335	2.7578e-05	0.46576	0.147207574	-30.45427	1
ENSG00000086504	MRPL28	0.041158	1.0674e-06	-0.76147	-0.22517107	-1443.82845	1
ENSG00000086758	HUWE1	0.587438	0.66367	9.0267	7.584497199	-451.51768	1
ENSG00000087087	SRRT	0.368263	0.42547	2.9308	1.383943566	-73.53732	1
ENSG00000087191	PSMC5	0.812107	0.90916	4.2551	0.512878601	-7.15596	1
ENSG00000087365	SF3B2	0.36265	0.99527	0.95177	1.373309171	-282.07854	1
ENSG00000088038	CNOT3	0.537581	0.48908	3.8168	0.002883304	-98.27185	1
ENSG00000088205	DDX18	0.257481	0.53482	0.64653	-0.631452712	-3948.76824	1
ENSG00000088325	TPX2	0.114077	0.99984	0.71785	0.870599337	-98.37826	1
ENSG00000088782	DEFB127	0.022641	0.40314	-0.15389	-0.631004867	-3614.22997	0
ENSG00000089009	RPL6	0.14234	0.77555	0.77398	-0.065072814	-24.38571	1
ENSG00000089053	ANAPC5	0.272783	0.79403	0.68058	0.782493406	-76.22212	1
ENSG00000089116	LHX5	0.380273	0.94293	2.4422	0.244207823	-23.15676	0
ENSG00000089157	RPLP0	0.372022	0.059832	1.8528	0.434619922	-28.4761	1
ENSG00000089289	IGBP1	0.256876	0.98499	1.4829	-0.005553841	-109.93343	1
ENSG00000089685	BIRC5	0.092953	0.66536	0.86565	-0.621157103	-3.19676	1
ENSG00000090061	CCNK	0.436895	0.90922	3.4622	0.434619922	-38.13805	1
ENSG00000090273	NUDC	0.301362	0.53531	0.97634	0.105814085	-29.80518	1
ENSG00000090402	SI	0.103746	4.5696e-58	-0.87474	1.995371239	-2753.13216	0
ENSG00000090861	AARS	0.326852	0.0050605	0.14704	1.457871711	-1228.44466	1
ENSG00000091010	POU4F3	0.214645	0.92721	-0.5979	0.561145614	-20.59903	0
ENSG00000091073	DTX2	0.108946	0.15566	0.93417	0.05177317	-137.65609	0
ENSG00000091651	ORC6	0.051086	1.0839e-05	0.054971	0.187819458	-19.61392	1
ENSG00000091664	SLC17A6	0.394118	0.16761	1.5367	1.106789495	-107.35697	0
ENSG00000092094	OSGEP	0.291502	0.10806	0.74707	-0.021332658	-29.79622	1
ENSG00000092199	HNRNPC	0.658114	0.31946	3.1123	0.186256481	-6.88559	1
ENSG00000095059	DHPS	0.124016	0.00094001	-0.57379	0.591294098	-317.48292	1
ENSG00000095139	ARCN1	0.468311	0.75702	2.1182	0.485854739	-55.4936	1
ENSG00000095981	KCNK16	0.044945	0.00012948	0.094363	-0.713624011	-930.18111	0
ENSG00000096264	NCR2	0.029338	2.8218e-07	0.082111	-0.615058583	-72.70052	0
ENSG00000096401	CDC5L	0.344021	1	2.8738	0.942764706	-81.93083	1
ENSG00000099800	TIMM13	0.080891	0.048352	-0.52739	-0.032739954	-5.19752	1
ENSG00000099817	POLR2E	0.099037	7.5164e-09	0.38174	0.220934338	-16.48084	1
ENSG00000099821	POLRMT	0.023188	1.2541e-07	-0.93058	-0.246415203	-2312.79995	1
ENSG00000100012	SEC14L3	0.07172	2.8146e-15	0.71511	-0.913724112	-7730.11725	0
ENSG00000100023	PPIL2	0.250985	2.3744e-05	0.7733	0.377608493	-85.07728	1
ENSG00000100216	TOMM22	0.311944	0.61298	1.062	0.115496185	-5.7075	1
ENSG00000100220	RTCB	0.344732	0.0017341	0.5234	1.032274103	-1426.79693	1
ENSG00000100296	THOC5	0.205324	0.047219	0.98238	0.679396265	-2462.99316	1
ENSG00000100297	MCM5	0.20751	0.76718	0.77186	-0.459782811	-341.56112	1
ENSG00000100316	RPL3	0.239376	0.18163	0.43727	0.708604315	-54.58196	1
ENSG00000100319	ZMAT5	0.199551	1.6526e-05	0.82122	0.244207823	-28.10381	1
ENSG00000100341	PNPLA5	0.027638	2.2675e-08	-0.22468	-1.281774763	-1541.98025	0
ENSG00000100347	SAMM50	0.203769	1.2874e-06	0.96467	1.003686955	-2520.91203	1
ENSG00000100353	EIF3D	0.625981	0.99883	3.5935	1.113506842	-9.92337	1
ENSG00000100401	RANGAP1	0.217207	0.081697	0.95628	0.373860165	-116.60029	1
ENSG00000100413	POLR3H	0.070665	0.0055767	0.006196	0.080977991	-30.82453	1
ENSG00000100433	KCNK10	0.300042	0.022922	0.80894	1.269417349	-644.73304	0
ENSG00000100462	PRMT5	0.421456	0.65059	0.82381	1.060861482	-11.30815	1
ENSG00000100519	PSMC6	0.560729	0.99936	3.6268	0.426341105	-10.42634	1
ENSG00000100554	ATP6V1D	0.281452	0.34882	0.98981	0.153922977	-8.64004	1
ENSG00000100567	PSMA3	0.515858	0.94835	0.6508	0.165950321	-3.37723	1
ENSG00000100603	SNW1	0.433089	0.99656	2.996	0.630344541	-624.40773	1
ENSG00000100726	TELO2	0.087179	0.02061	0.05808	-1.552389951	-1413.28281	1
ENSG00000100865	CINP	0.076479	0.4342	0.56573	-0.287034906	-1713.33084	1
ENSG00000100902	PSMA6	0.508944	0.97544	2.5903	0.247956611	-1.69455	1
ENSG00000101146	RAE1	0.532337	0.99562	0.99956	0.43087093	-49.11228	1
ENSG00000101180	HRH3	0.408786	0.035731	2.4088	0.259360889	-29.11072	0
ENSG00000101181	MTG2	0.069669	0.52049	0.0085445	-1.464555925	-314.23159	1
ENSG00000101182	PSMA7	0.481728	0.95004	2.4445	0.244207823	-5.77064	1
ENSG00000101203	COL20A1	0.025534	0.00016556	-0.069498	-1.525229082	-1065.33487	0
ENSG00000101323	HAO1	0.060092	1.2221e-07	-0.45192	-0.218456891	-125.15	0
ENSG00000101327	PDYN	0.052874	0.00013252	-0.5159	-0.009305669	-66.64714	0
ENSG00000101343	CRNKL1	0.185068	0.00040023	0.9454	0.612548132	-676.59451	1
ENSG00000101361	NOP56	0.213303	0.075334	0.81298	0.102227202	-2441.81313	1
ENSG00000101407	TTI1	0.14792	7.8972e-10	0.32644	0.286090509	-285.45946	1
ENSG00000101438	SLC32A1	0.373101	0.96673	2.3605	0.52803017	-126.92006	0
ENSG00000101441	CST4	0.0406	5.3615e-07	-2.1287	-1.226953163	-20.08609	0
ENSG00000101444	AHCY	0.378902	0.018782	1.5356	0.322623801	-113.22609	1
ENSG00000101882	NKAP	0.38376	0.99754	1.6091	0.343523715	-625.32683	1
ENSG00000101890	GUCY2F	0.062475	1.0767e-13	-0.091802	-2.285580194	-2443.21089	0
ENSG00000101958	GLRA2	0.560228	0.94017	2.7378	0.518762939	-12.68155	0
ENSG00000101981	F9	0.476849	0.99522	2.2408	-0.792760986	-29.63264	0
ENSG00000102076	OPN1LW	0.257197	0.78637	0.33608	-1.01338132	-352.91669	0
ENSG00000102104	RS1	0.234794	0.95713	0.93155	0.190297223	-117.21763	0
ENSG00000102144	PGK1	0.400263	0.72507	0.95663	0.852198868	-30.18239	1
ENSG00000102195	GPR50	0.116919	0.57572	0.17737	-1.290450627	-1098.54685	0
ENSG00000102313	ITIH6	0.033519	1.2158e-24	-2.4013	-3.326749222	-765.43774	0
ENSG00000102898	NUTF2	0.803022	0.90979	2.3423	0.044735561	-1.21425	1
ENSG00000102900	NUP93	0.164363	0.72345	0.96698	0.68705995	-297.65678	1
ENSG00000102967	DHODH	0.190706	0.12351	0.072149	-0.234231994	-571.39979	1
ENSG00000102978	POLR2C	0.367264	0.00063077	1.9005	0.46773523	-3.62115	1
ENSG00000103047	TANGO6	0.056859	6.0283e-14	0.59504	0.351538648	-466.30526	1
ENSG00000103310	ZP2	0.080514	2.0877e-07	0.088798	0.450716956	-1411.68198	0
ENSG00000103342	GSPT1	0.576037	0.91734	0.60803	-0.052263549	-3023.13945	1
ENSG00000103375	AQP8	0.094951	0.0013351	0.65908	-0.046168722	-141.60561	0
ENSG00000103423	DNAJA3	0.167818	0.89675	-0.79322	-0.071624585	-78.73451	1
ENSG00000103510	KAT8	0.449693	0.42925	3.2421	0.563332461	-162.71582	1
ENSG00000104237	RP1	0.119484	4.6337e-13	-0.75475	-0.560000387	-6989.07147	0
ENSG00000104299	INTS9	0.126479	0.0022786	0.7447	1.674370601	-44.57866	1
ENSG00000104356	POP1	0.170919	5.9978e-05	0.23952	0.310143938	-1547.92913	1
ENSG00000104499	GML	0.034911	0.11301	0.017642	-0.902653099	-2327.47979	0
ENSG00000104738	MCM4	0.194519	0.0026013	-0.56461	0.675817395	-105.86637	1
ENSG00000104755	ADAM2	0.018694	2.5617e-16	-0.55731	-1.020418052	-460.37141	0
ENSG00000104824	HNRNPL	0.632401	0.23473	3.9336	1.228641266	-12.63054	1
ENSG00000104835	SARS2	0.164933	2.7494e-09	0.84337	0.543184836	-564.91468	1
ENSG00000104852	SNRNP70	0.551914	0.70117	0.79206	0.220152883	-34.51837	1
ENSG00000104884	ERCC2	0.218277	0.0054924	0.73865	0.787979889	-3745.39177	1
ENSG00000104980	TIMM44	0.233014	0.011704	0.63502	0.434777918	-250.25034	1
ENSG00000105193	RPS16	0.441806	0.56544	0.68027	0.297629298	-12.72637	1
ENSG00000105258	POLR2I	0.345912	0.32823	1.4418	0.115496185	-4.6843	1
ENSG00000105364	MRPL4	0.104569	3.9025e-10	0.74703	-1.223815596	-1535.10751	1
ENSG00000105370	LIM2	0.105653	0.0019903	-0.59256	0.584420071	-32.81085	0
ENSG00000105372	RPS19	0.501149	0.59512	0.73548	0.297629298	-1.23583	1
ENSG00000105392	CRX	0.150726	0.44348	0.41187	-0.148479047	-183.8471	0
ENSG00000105401	CDC37	0.31892	0.70544	0.91756	0.032869775	-98.87697	1
ENSG00000105402	NAPA	0.221548	0.35731	0.6895	0.419624302	-22.57709	1
ENSG00000105428	ZNRF4	0.10955	0.48721	0.20882	-1.616571769	-3673.86438	0
ENSG00000105447	GRWD1	0.082231	0.18297	-0.00831	-0.118330353	-2363.82526	1
ENSG00000105507	CABP5	0.130742	0.0053589	0.41255	-0.679111041	-1299.91454	0
ENSG00000105618	PRPF31	0.571012	0.93543	3.268	0.824511241	-11.58931	1
ENSG00000105640	RPL18A	0.306632	0.96397	1.4595	-0.11927612	-11.44037	1
ENSG00000105656	ELL	0.189169	0.99356	1.3595	0.202353612	-117.93921	1
ENSG00000105671	DDX49	0.142996	0.00021429	0.89521	-0.168002417	-365.25289	1
ENSG00000105732	ZNF574	0.233036	0.10896	0.82898	0.721745383	-735.35854	1
ENSG00000105819	PMPCB	0.053216	1.7488e-08	0.077526	0.150335061	-649.88824	1
ENSG00000105835	NAMPT	0.620305	0.75068	0.74846	0.05457809	-12.6544	1
ENSG00000105953	OGDH	0.503321	0.94174	4.853	1.566114872	-342.2782	1
ENSG00000105954	NPVF	0.052227	0.00010612	-0.60054	-0.745344777	-2823.76874	0
ENSG00000106038	EVX1	0.074196	0.70001	-0.79546	0.60472697	-105.81622	0
ENSG00000106245	BUD31	0.213947	0.10874	0.95829	0.25170544	-6.06044	1
ENSG00000106263	EIF3B	0.409352	0.94913	0.80383	1.103822737	-275.48249	1
ENSG00000106290	TAF6	0.328562	0.00091913	0.87268	1.270984505	-236.6392	1
ENSG00000106331	PAX4	0.088234	6.104e-05	-0.09987	-1.063536639	-579.48535	0
ENSG00000106384	MOGAT3	0.04145	8.0279e-10	-0.024289	-0.837028291	-360.93757	0
ENSG00000106615	RHEB	0.631363	0.81494	0.9125	-0.000406903	-4.50081	1
ENSG00000106648	GALNTL5	0.038548	3.0391e-16	-0.78122	-1.07025035	-2517.22991	0
ENSG00000107187	LHX3	0.083705	0.0018235	0.47619	0.184852568	-27.96735	0
ENSG00000107371	EXOSC3	0.072253	0.025697	-0.33674	-0.566167877	-339.95169	1
ENSG00000107581	EIF3A	0.354083	1	3.1984	1.239621827	-389.53412	1
ENSG00000107618	RBP3	0.130405	8.5319e-05	-0.36575	-0.484960449	-262.94799	0
ENSG00000107807	TLX1	0.268944	0.45193	2.0641	0.009435972	-102.47812	0
ENSG00000107937	GTPBP4	0.115054	0.99999	0.096869	-0.210016132	-585.95145	1
ENSG00000108064	TFAM	0.204815	0.1946	0.93125	0.132835322	-332.99875	1
ENSG00000108294	PSMB3	0.318252	0.73311	1.537	0.207344068	-1438.05221	1
ENSG00000108298	RPL19	0.588784	0.8513	2.4036	-0.114745473	-1.18187	1
ENSG00000108312	UBTF	0.621717	1	4.7179	1.065391918	-10.71614	1
ENSG00000108344	PSMD3	0.357968	0.99863	2.3918	0.82529222	-125.83219	1
ENSG00000108384	RAD51C	0.080292	0.00061356	-0.0098593	0.135962233	-60.56289	1
ENSG00000108417	KRT37	0.049699	2.2645e-10	-0.39601	-1.365194615	-10272.91126	0
ENSG00000108424	KPNB1	0.787586	0.93492	6.1692	0.861377082	-28.74247	1
ENSG00000108518	PFN1	0.525919	0.59678	1.9541	-0.078664516	-474.77356	1
ENSG00000108559	NUP88	0.056074	9.9841e-08	0.071166	0.810464019	-151.96324	1
ENSG00000108592	FTSJ3	0.215188	0.29284	0.77132	0.445571338	-570.78462	1
ENSG00000108702	CCL1	0.071163	0.0088536	0.23812	-0.202064403	-25.99725	0
ENSG00000108830	RND2	0.11107	0.00028144	0.82401	-0.093657325	-21.864	0
ENSG00000108848	LUC7L3	0.560004	0.99995	0.97885	-0.158322487	-41.0538	1
ENSG00000108883	EFTUD2	0.537417	0.89247	0.9342	1.84374024	-20.07609	1
ENSG00000109101	FOXN1	0.179492	0.93239	0.56596	-0.31685763	-2393.45251	0
ENSG00000109111	SUPT6H	0.418176	0.54839	0.93794	2.545028703	-91.4854	1
ENSG00000109519	GRPEL1	0.20724	0.15154	-0.027548	-0.060542298	-184.97165	1
ENSG00000109606	DHX15	0.784866	1	5.7808	1.105227314	-20.5721	1
ENSG00000110107	PRPF19	0.650638	0.8691	3.8893	0.406815543	-12.11009	1
ENSG00000110244	APOA4	0.07619	4.8944e-06	-1.1941	-0.723303386	-246.2813	0
ENSG00000110700	RPS13	0.47103	0.56085	1.748	0.18547512	-1.18726	1
ENSG00000110768	GTF2H1	0.364198	0.98483	0.94713	0.573954654	-65.62646	1
ENSG00000110921	MVK	0.18658	0.31226	0.97574	0.235306466	-295.50649	1
ENSG00000111049	MYF5	0.102899	0.00020692	-0.34895	0.749218862	-20.32434	0
ENSG00000111231	GPN3	0.09792	0.023653	0.95004	0.320279126	-60.55868	1
ENSG00000111241	FGF6	0.07413	0.15349	0.4064	-0.223769933	-939.23735	0
ENSG00000111361	EIF2B1	0.278754	3.8704e-06	1.4887	0.134398656	-25.93892	1
ENSG00000111364	DDX55	0.092878	3.7147e-08	0.69515	0.270767051	-2452.48731	1
ENSG00000111445	RFC5	0.222684	0.036617	0.85315	0.724381752	-10.72585	1
ENSG00000111481	COPZ1	0.175222	0.63147	0.97927	-0.164418271	-3.96945	1
ENSG00000111536	IL26	0.049068	0.00050758	-0.2306	-0.123024262	-15.12661	0
ENSG00000111615	KRR1	0.165338	0.0038069	0.54737	0.38729052	-2321.28377	1
ENSG00000111640	GAPDH	0.44182	0.11455	1.9104	0.452739484	-25.5685	1
ENSG00000111641	NOP2	0.195622	0.70805	0.67107	-0.369497294	-390.95425	1
ENSG00000111667	USP5	0.430451	0.65329	3.3788	1.849058816	-55.70803	1
ENSG00000111701	APOBEC1	0.116669	1.3914e-08	0.86614	-0.732533676	-82.9695	0
ENSG00000111845	PAK1IP1	0.196592	0.33171	0.89025	0.131431973	-205.11068	1
ENSG00000111880	RNGTT	0.388518	0.90771	3.0825	0.92386155	-54.7413	1
ENSG00000112110	MRPL18	0.100842	0.00018445	-0.27436	0.075665863	-19.53969	1
ENSG00000112116	IL17F	0.064702	0.038881	-0.16458	-0.340455855	-537.66765	0
ENSG00000112118	MCM3	0.185019	4.8716e-11	0.91086	0.427446462	-1157.63897	1
ENSG00000112159	MDN1	0.163543	3.6461e-06	2.4222	1.418391547	-7714.21393	1
ENSG00000112212	TSPO2	0.157982	0.00071556	0.62949	-0.176445146	-74.4861	0
ENSG00000112238	PRDM13	0.140247	0.564	0.6486	-0.476499817	-3105.10566	0
ENSG00000112306	RPS12	0.311556	0.89467	0.63425	0.045517444	-9.87588	1
ENSG00000112333	NR2E1	0.55988	0.49538	2.7865	0.612225382	-12.0367	0
ENSG00000112337	SLC17A2	0.28353	1.1322e-05	1.6253	0.144240912	-73.55201	0
ENSG00000112578	BYSL	0.163323	0.00010101	0.48679	-0.600683058	-1256.33001	1
ENSG00000112818	MEP1A	0.091994	6.944e-13	0.21954	0.249842942	-3075.87984	0
ENSG00000113013	HSPA9	0.378733	0.71209	0.49576	0.765935173	-21.59412	1
ENSG00000113262	GRM6	0.041323	1.0834e-16	-0.46729	-1.273194075	-962.94902	0
ENSG00000113302	IL12B	0.213384	0.00012322	0.67139	-0.232048684	-150.13365	0
ENSG00000113312	TTC1	0.173458	1.4397e-05	0.93299	-0.146295599	-73.13738	1
ENSG00000113407	TARS	0.146267	3.6397e-11	0.48664	-1.055095876	-593.86357	1
ENSG00000113569	NUP155	0.148871	0.61565	0.96199	2.49612096	-108.44065	1
ENSG00000113593	PPWD1	0.243187	0.00048559	0.6521	0.414471937	-57.12138	1
ENSG00000113810	SMC4	0.150466	0.12886	0.94446	1.56552321	-434.06529	1
ENSG00000113905	HRG	0.068729	8.842e-14	-0.31268	-1.448776946	-6246.61359	0
ENSG00000114391	RPL24	0.432882	0.50094	1.6823	0.17719633	-2.93038	1
ENSG00000114487	MORC1	0.205346	5.4242e-05	1.5853	0.036160239	-3103.27543	0
ENSG00000114573	ATP6V1A	0.541116	0.7972	3.451	0.445241967	-22.70912	1
ENSG00000114982	KANSL3	0.274391	0.99993	2.5973	0.38057498	-392.06112	1
ENSG00000115163	CENPA	0.453649	0.01005	1.7317	-0.297663274	-7.35119	1
ENSG00000115207	GTF3C2	0.362256	0.12517	0.42718	1.382373397	-130.42898	1
ENSG00000115233	PSMD14	0.752507	0.30545	3.7289	-0.04180098	-3.66433	1
ENSG00000115263	GCG	0.109519	0.025209	-0.12155	-0.130520552	-11.36425	0
ENSG00000115368	WDR75	0.132288	9.1006e-05	1.401	-0.31685763	-110.68114	1
ENSG00000115484	CCT4	0.248248	0.98968	0.98371	0.388853737	-46.33361	1
ENSG00000115524	SF3B1	0.797289	0.68427	7.9134	1.527503263	-10.78251	1
ENSG00000115750	TAF1B	0.123617	2.7235e-06	0.88238	-0.344039289	-2896.55966	1
ENSG00000115761	NOL10	0.132677	0.014484	1.456	-0.613492751	-1681.61121	1
ENSG00000115816	CEBPZ	0.120491	0.69917	-0.85882	0.209398606	-1121.3598	1
ENSG00000115850	LCT	0.34019	0.042276	3.2438	1.078174655	-3628.57927	0
ENSG00000115875	SRSF7	0.664578	0.70019	2.7449	0.169698958	-9.40961	1
ENSG00000116120	FARSB	0.193444	0.01114	1.3396	0.373078107	-80.99373	1
ENSG00000116147	TNR	0.202941	0.21922	0.49528	0.089910353	-437.86343	0
ENSG00000116218	NPHS2	0.184854	2.9861e-07	0.80051	-0.223769933	-360.80001	0
ENSG00000116455	WDR77	0.166371	1.5901e-05	0.95645	0.08925669	-15.19158	1
ENSG00000116721	PRAMEF1	0.026614	0.10199	-0.49217	-2.967451208	-173.2434	0
ENSG00000116745	RPE65	0.086501	9.0743e-14	-0.14655	0.390417698	-347.53959	0
ENSG00000116922	C1orf109	0.070212	5.055e-06	0.086568	-0.130520552	-31.26397	1
ENSG00000116996	ZP4	0.031656	2.0296e-18	-1.2103	-0.712679805	-1836.4131	0
ENSG00000117399	CDC20	0.224863	2.7176e-07	1.8438	0.858408847	-55.18431	1
ENSG00000117408	IPO13	0.477544	0.99998	0.75873	1.286760509	-32.31894	1
ENSG00000117410	ATP6V0B	0.405426	0.94294	1.8028	0.301378207	-26.0163	1
ENSG00000117748	RPA2	0.15864	0.13522	0.87907	0.117059506	-155.28434	1
ENSG00000118434	SPACA1	0.040592	0.02248	0.66141	0.2946616	-36.84349	0
ENSG00000118702	GHRH	0.088455	0.14394	0.41675	-0.193785552	-41.86877	0
ENSG00000119203	CPSF3	0.46643	0.53032	3.7312	0.986346817	-35.81924	1
ENSG00000119283	TRIM67	0.224265	0.96309	1.9278	0.24436697	-115.83851	0
ENSG00000119285	HEATR1	0.110872	1	-0.05301	-1.966943246	-19763.61088	1
ENSG00000119523	ALG2	0.090943	7.579e-05	0.22132	0.078793441	-327.93694	1
ENSG00000119689	DLST	0.130377	0.13734	0.58866	0.771868657	-218.89249	1
ENSG00000119973	PRLHR	0.027436	9.3212e-05	-0.35398	-0.020550565	-251.29074	0
ENSG00000120094	HOXB1	0.182894	0.13697	0.89607	0.263109454	-1079.64503	0
ENSG00000120158	RCL1	0.145321	0.64279	-0.83709	-0.159723734	-198.5706	1
ENSG00000120210	INSL6	0.017319	3.6042e-09	-2.482	-0.523990008	-605.09048	0
ENSG00000120329	SLC25A2	0.064831	0.0024618	0.56433	-0.7558032	-1931.58222	0
ENSG00000120333	MRPS14	0.198383	0.00015733	0.35586	0.091441562	-7.82029	1
ENSG00000120436	GPR31	0.020078	0.022077	-0.21363	-0.915289906	-70.1629	0
ENSG00000120438	TCP1	0.352426	0.95445	0.072056	0.750780389	-64.99367	1
ENSG00000120539	MASTL	0.13594	5.6741e-13	0.64167	-0.105359839	-709.51008	1
ENSG00000120563	LYZL1	0.043441	6.7733e-07	-0.0039968	-0.324681237	-2249.95135	0
ENSG00000120699	EXOSC8	0.165939	0.0011798	0.89211	0.183289318	-103.34466	1
ENSG00000120800	UTP20	0.108477	8.3493e-15	0.73149	-0.614767872	-1479.4111	1
ENSG00000120952	PRAMEF2	0.010591	4.2882e-09	-3.2694	-3.63240246	-3268.27865	0
ENSG00000121351	IAPP	0.13108	0.0008373	0.48519	-0.363111379	-12.46247	0
ENSG00000121377	TAS2R7	0.023931	0.027982	-1.0697	-0.622554507	-365.51067	0
ENSG00000121579	NAA50	0.515399	0.27428	0.74668	0.082381054	-10.03414	1
ENSG00000121634	GJA8	0.160676	0.009986	-0.25562	0.2368702	-34.49315	0
ENSG00000121853	GHSR	0.122244	0.02468	0.42946	0.095350774	-69.10886	0
ENSG00000122034	GTF3A	0.036983	9.6798e-06	-0.2325	-0.080065743	-812.31719	1
ENSG00000122218	COPA	0.514926	1	3.7242	0.897004911	-486.59691	1
ENSG00000122257	RBBP6	0.255035	0.93815	0.96376	2.457903109	-388.06228	1
ENSG00000122692	SMU1	0.781006	0.99861	4.4705	0.471484322	-5.43983	1
ENSG00000122882	ECD	0.056142	0.36936	-0.0083085	-0.532887671	-6128.58348	1
ENSG00000123165	ACTRT1	0.039493	0.0040844	-1.1812	-0.801261341	-168.61631	0
ENSG00000123307	NEUROD4	0.104358	0.069225	-0.60315	-0.445732041	-133.06333	0
ENSG00000123485	HJURP	0.070082	5.7997e-06	0.5836	-0.732206238	-2382.87075	1
ENSG00000123561	SERPINA7	0.104074	0.0030335	-0.57157	-0.082198374	-1584.88807	0
ENSG00000123569	H2BFWT	0.069737	0.0024281	-0.59215	-2.107974887	-22.25555	0
ENSG00000123576	ESX1	0.082737	0.52268	-0.037425	-0.015318957	-238.93432	0
ENSG00000124089	MC3R	0.100686	1.2251e-07	-0.14487	0.17360721	-2468.0282	0
ENSG00000124092	CTCFL	0.141109	0.0006753	0.99572	-0.077557272	-316.39761	0
ENSG00000124157	SEMG2	0.012746	0.063138	-1.2762	-0.536636229	-924.18091	0
ENSG00000124207	CSE1L	0.468113	1	3.0188	1.876865647	-180.17032	1
ENSG00000124228	DDX27	0.250588	0.47394	1.7101	0.623791593	-4157.56288	1
ENSG00000124232	RBPJL	0.070787	2.7795e-11	0.94165	-0.723303386	-539.89234	0
ENSG00000124380	SNRNP27	0.366499	0.00035256	1.732	0.032708307	-3.69185	1
ENSG00000124383	MPHOSPH10	0.10691	0.99529	0.58101	-1.791249427	-9091.34729	1
ENSG00000124449	IRGC	0.132888	2.6232e-06	0.654	0.176735276	-628.74642	0
ENSG00000124493	GRM4	0.334245	0.69006	2.7958	1.827364977	-76.44854	0
ENSG00000124578	HIST1H4G	0.048913	0.013326	0.29739	0.045517444	-335.75297	0
ENSG00000124818	OPN5	0.400438	0.44963	1.8463	0.394006823	-27.90162	0
ENSG00000124827	GCM2	0.305257	0.00089211	0.85345	-0.777508485	-242.64121	0
ENSG00000125207	PIWIL1	0.362058	0.11724	0.99516	1.254424612	-772.66548	0
ENSG00000125255	SLC10A2	0.0263	9.0069e-17	-2.1648	-0.57428204	-249.98412	0
ENSG00000125363	AMELX	0.316227	0.061579	0.89008	0.425085935	-155.06754	0
ENSG00000125450	NUP85	0.246084	0.87792	0.85367	0.453682269	-117.6478	1
ENSG00000125459	MSTO1	0.094398	0.029676	0.00098857	-0.683642809	-2464.41702	1
ENSG00000125492	BARHL1	0.217758	0.16513	1.0869	0.571611351	-12.52617	0
ENSG00000125498	KIR2DL1	0.04156	2.7625e-15	-2.0675	-1.648470272	-905.75657	0
ENSG00000125630	POLR1B	0.415776	0.99244	0.56308	0.915918752	-3437.70062	1
ENSG00000125676	THOC2	0.625228	1	5.7568	2.103015176	-38.02954	1
ENSG00000125691	RPL23	0.5982	0.21337	2.0671	0.032708307	-2.43929	1
ENSG00000125755	SYMPK	0.355916	0.9445	0.65079	2.076616317	-136.97651	1
ENSG00000125788	DEFB126	0.039225	0.42106	-0.23755	-0.618193843	-16.64627	0
ENSG00000125813	PAX1	0.177314	0.11517	-0.66355	0.239836704	-224.51285	0
ENSG00000125815	CST8	0.029627	0.0039214	-1.2218	-0.518060943	-233.62434	0
ENSG00000125820	NKX2-2	0.219217	0.76968	-0.028401	-0.183158721	-296.89141	0
ENSG00000125823	CSTL1	0.056519	2.3137e-08	-0.049999	-1.038088209	-801.39965	0
ENSG00000125831	CST11	0.068909	6.999e-05	-0.35399	-0.382633489	-21.01492	0
ENSG00000125879	OTOR	0.047549	0.0041972	-0.34392	-0.267512286	-2536.79409	0
ENSG00000125888	BANF2	0.077916	0.015248	0.68029	-0.148643297	-2785.4291	0
ENSG00000125903	DEFB129	0.073386	0.1022	0.88858	-0.613662107	-1335.47977	0
ENSG00000125977	EIF2S2	0.579221	0.9554	3.0362	0.008653939	-54.089	1
ENSG00000125995	ROMO1	0.358784	0.24509	0.98038	-0.153174077	-37.28469	1
ENSG00000126067	PSMB2	0.319119	0.92109	1.3057	-0.011651944	-84.86683	1
ENSG00000126088	UROD	0.196818	2.1109e-07	0.92822	0.028339433	-64.67369	1
ENSG00000126216	TUBGCP3	0.32624	0.17866	2.5327	1.45157937	-46.90553	1
ENSG00000126226	PCID2	0.256285	9.0023e-09	1.7344	0.243585163	-23.1122	1
ENSG00000126267	COX6B1	0.326967	0.1269	0.75885	-0.033522158	-3.30437	1
ENSG00000126337	KRT36	0.075321	3.6996e-14	0.35209	-1.741563617	-6933.14128	0
ENSG00000126457	PRMT1	0.604007	0.97009	3.9218	0.365421659	-19.62667	1
ENSG00000126756	UXT	0.273762	0.86518	0.77257	0.265798798	-2.23961	1
ENSG00000126814	TRMT5	0.198533	0.0046149	-0.52106	-0.819686815	-155.17583	1
ENSG00000126856	PRDM7	0.04532	1.1636e-17	-0.38831	-1.986252068	-4300.105	0
ENSG00000126883	NUP214	0.165866	0.098531	0.8058	1.34127896	-352.78408	1
ENSG00000127318	IL22	0.06968	0.00019005	0.15554	-0.229866037	-46.53388	0
ENSG00000127412	TRPV5	0.062107	1.149e-07	-0.64618	0.477120008	-705.18817	0
ENSG00000127529	OR7C2	0.036851	0.058499	-0.30389	-0.450262914	-391.7792	0
ENSG00000127564	PKMYT1	0.20586	0.66835	0.62768	0.251863863	-459.77368	1
ENSG00000127780	OR1E2	0.057494	0.0016574	-0.20594	-0.703164397	-731.06744	0
ENSG00000127804	METTL16	0.576073	0.89221	2.4882	0.350426872	-193.2261	1
ENSG00000128050	PAICS	0.12407	0.00044066	1.4944	-0.950759838	-355.28243	1
ENSG00000128059	PPAT	0.438793	0.9827	3.1269	0.555053577	-29.7895	1
ENSG00000128159	TUBGCP6	0.054276	5.184e-19	-0.84191	-0.353636398	-2392.99629	1
ENSG00000128191	DGCR8	0.460344	0.20372	3.058	0.701267867	-255.13351	1
ENSG00000128276	RFPL3	0.085371	0.00012297	-0.362	-1.076347795	-1089.79284	0
ENSG00000128534	NAA38	0.371337	0.001593	1.2969	0.069571985	-2.54182	1
ENSG00000128610	FEZF1	0.362287	0.94543	0.74597	0.184852568	-35.86211	0
ENSG00000128802	GDF2	0.208466	0.0024734	0.34979	-0.006177405	-58.06389	0
ENSG00000129083	COPB1	0.342163	0.78687	2.4472	0.428845784	-64.74861	1
ENSG00000129221	AIPL1	0.179681	3.5406e-05	-0.050634	-0.472751539	-2355.28685	0
ENSG00000129351	ILF3	0.413437	0.58558	0.087553	2.465706683	-1006.84842	1
ENSG00000129562	DAD1	0.379111	0.32952	0.67972	0.024429508	-3.98327	1
ENSG00000129744	ART1	0.034664	7.6887e-12	-0.7694	-0.311706473	-494.79174	0
ENSG00000130167	TSPAN16	0.021293	0.0006137	-0.41409	-0.537583131	-212.54112	0
ENSG00000130177	CDC16	0.25914	0.95699	1.7764	0.438526381	-13.23475	1
ENSG00000130204	TOMM40	0.384273	0.98393	0.51363	0.224682963	-30.68058	1
ENSG00000130255	RPL36	0.551234	0.40262	0.71708	-0.091473986	-4.69498	1
ENSG00000130368	MAS1	0.128808	9.8353e-05	0.039336	-0.020550565	-31.19407	0
ENSG00000130385	BMP15	0.117711	0.00014259	0.10805	-0.853646139	-1548.61203	0
ENSG00000130640	TUBGCP2	0.151651	1.0368e-07	1.4003	0.438076171	-234.93312	1
ENSG00000130713	EXOSC2	0.172948	8.7317e-06	0.57284	0.345115376	-81.20346	1
ENSG00000130725	UBE2M	0.621065	0.78677	2.357	0.012402315	-5.92013	1
ENSG00000130741	EIF2S3	0.72625	0.7547	3.7706	0.432424956	-525.56681	1
ENSG00000130772	MED18	0.372739	9.498e-05	1.1227	0.11627782	-26.75181	1
ENSG00000130810	PPAN	0.012163	1.0266e-11	-0.95385	-0.280775964	-1585.22106	1
ENSG00000130811	EIF3G	0.398603	0.15408	2.0872	0.378230418	-15.29088	1
ENSG00000130816	DNMT1	0.519132	0.32959	5.1558	2.607563027	-224.68683	1
ENSG00000130826	DKC1	0.624429	0.98234	3.5358	0.874229933	-70.37291	1
ENSG00000130935	NOL11	0.080021	0.034881	0.93483	-0.337945269	-595.1741	1
ENSG00000130985	UBA1	0.478101	0.77057	3.4845	1.762636049	-1096.01417	1
ENSG00000131059	BPIFA3	0.017041	3.9427e-13	-0.45268	-1.015426965	-451.2978	0
ENSG00000131068	DEFB118	0.03026	0.10102	-0.35386	-0.428559479	-28.42795	0
ENSG00000131100	ATP6V1E1	0.479831	0.43095	1.6445	-0.176445146	-35.33668	1
ENSG00000131143	COX4I1	0.314054	0.25416	-0.26885	0.253267854	-1278.29291	1
ENSG00000131153	GINS2	0.098842	0.0013666	-0.62825	-0.001809041	-29.98936	1
ENSG00000131183	SLC34A1	0.036355	1.0851e-15	-0.92738	0.171585966	-298.4701	0
ENSG00000131264	CDX4	0.08447	0.0057558	0.036175	-0.167313278	-11.16789	0
ENSG00000131462	TUBG1	0.701734	0.16767	4.2471	0.430090146	-6.15866	1
ENSG00000131475	VPS25	0.315527	0.27787	1.5041	0.132835322	-65.61924	1
ENSG00000131482	G6PC	0.065216	0.0071999	0.35439	0.028339433	-18.80998	0
ENSG00000131747	TOP2A	0.456788	0.88607	4.236	0.778131143	-383.30497	1
ENSG00000131795	RBM8A	0.421069	0.88964	2.1451	0.17719633	-2.40691	1
ENSG00000131876	SNRPA1	0.40619	0.79283	1.9677	-0.106466687	-28.65066	1
ENSG00000131914	LIN28A	0.359572	0.021176	0.75377	-0.052263549	-11.9347	0
ENSG00000131966	ACTR10	0.154833	0.0014722	0.76427	0.197661471	-33.54228	1
ENSG00000132341	RAN	0.8708	0.97412	3.5248	0.226869067	-34.77273	1
ENSG00000132382	MYBBP1A	0.012159	4.8697e-05	-2.7213	-3.603586409	-3633.07146	1
ENSG00000132383	RPA1	0.218126	0.31779	0.70381	0.617695097	-213.87685	1
ENSG00000132507	EIF5A	0.689595	0.66289	3.0688	-0.065855121	-4.08635	1
ENSG00000132603	NIP7	0.10459	0.2221	0.28399	0.248737829	-16.54614	1
ENSG00000132646	PCNA	0.522108	0.9788	2.5478	-0.09443972	-5.75658	1
ENSG00000132671	SSTR4	0.040557	2.7722e-13	-0.29019	0.009597849	-2053.65608	0
ENSG00000132952	USPL1	0.123299	0.025686	0.51211	-0.077396519	-2982.03517	1
ENSG00000132972	RNF17	0.236746	1	0.89666	0.009302171	-2686.91297	0
ENSG00000133105	RXFP2	0.165634	1.7532e-16	0.97024	0.322004038	-1150.99694	0
ENSG00000133112	TPT1	0.413134	0.82085	0.63254	0.342772219	-3.58338	1
ENSG00000133226	SRRM1	0.293621	0.99998	0.98181	0.571153023	-90.5423	1
ENSG00000133316	WDR74	0.125835	7.8852e-05	0.95475	-0.079283502	-322.57379	1
ENSG00000133706	LARS	0.191646	1.9837e-08	1.7075	0.442607685	-3699.75044	1
ENSG00000133980	VRTN	0.312071	0.52803	0.84806	0.273114006	-96.19087	0
ENSG00000134001	EIF2S1	0.554197	0.93949	2.9877	0.058326533	-8.52186	1
ENSG00000134058	CDK7	0.381434	3.6121e-05	2.0314	0.278104097	-93.09514	1
ENSG00000134160	TRPM1	0.146029	0.018813	0.068971	-0.716664877	-1654.25141	0
ENSG00000134186	PRPF38B	0.46075	0.89296	2.0232	0.420405606	-103.45472	1
ENSG00000134371	CDC73	0.654827	0.99993	3.8371	0.794363613	-6.11441	1
ENSG00000134389	CFHR5	0.037459	7.4898e-33	-0.95229	-0.968552735	-451.78199	0
ENSG00000134419	RPS15A	0.753656	0.66374	2.3227	-0.013216182	-1.2844	1
ENSG00000134440	NARS	0.198913	0.097147	0.85255	1.160997825	-45.92925	1
ENSG00000134453	RBM17	0.502731	0.98444	3.1764	0.657369493	-1.23583	1
ENSG00000134480	CCNH	0.073591	0.00063492	0.35263	-0.479630555	-1653.808	1
ENSG00000134538	SLCO1B1	0.027724	1.238e-21	-0.77542	-0.55085008	-708.10764	0
ENSG00000134571	MYBPC3	0.154852	8.2926e-09	1.7715	-0.293271364	-1069.38163	0
ENSG00000134640	MTNR1B	0.051392	0.13327	-0.092047	-0.316236957	-324.5184	0
ENSG00000134684	YARS	0.316287	0.00075238	1.2663	0.615349168	-77.01268	1
ENSG00000134748	PRPF38A	0.49036	0.7902	2.169	0.414313318	-7.72909	1
ENSG00000134809	TIMM10	0.293832	0.00152	0.96352	0.024429508	-2.97895	1
ENSG00000134825	TMEM258	0.139324	0.006653	0.35365	-0.095222166	-2.42849	1
ENSG00000135002	RFK	0.160002	0.0053593	0.62673	-0.457144061	-7.31193	1
ENSG00000135222	CSN2	0.039118	8.3362e-06	-1.4538	-0.137234463	-14.52918	0
ENSG00000135355	GJA10	0.060327	6.5068e-10	-0.62926	-0.0881819	-84.41578	0
ENSG00000135372	NAT10	0.199492	2.8492e-20	0.77333	0.442607685	-436.76809	1
ENSG00000135443	KRT85	0.231812	0.00012569	0.32415	-0.170186528	-564.44658	0
ENSG00000135569	TAAR5	0.043796	6.9989e-11	-1.2629	-0.461507011	-372.19005	0
ENSG00000135624	CCT7	0.255656	0.95466	0.78065	0.582233542	-64.48065	1
ENSG00000135625	EGR4	0.046019	0.0059427	0.45124	0.044896789	-55.61488	0
ENSG00000135829	DHX9	0.697613	1	6.0321	2.235952889	-30.04953	1
ENSG00000135940	COX5B	0.123314	0.82885	0.37078	-0.309689981	-43.95859	1
ENSG00000135973	GPR45	0.240337	0.10805	1.2444	0.74625035	-739.53882	0
ENSG00000136003	ISCU	0.227969	0.051958	0.97457	0.065823479	-45.61549	1
ENSG00000136271	DDX56	0.090101	0.17583	0.49014	0.275297485	-703.39126	1
ENSG00000136352	NKX2-1	0.270673	0.0038975	0.09192	0.018496723	-44.04874	0
ENSG00000136448	NMT1	0.471304	0.9921	0.86218	0.40759676	-14.72014	1
ENSG00000136487	GH2	0.211047	0.00051214	-0.97912	-0.235014334	-51.66822	0
ENSG00000136488	CSH1	0.184228	0.0086724	-0.80431	-0.231431941	-99.39399	0
ENSG00000136518	ACTL6A	0.498696	0.39137	0.4066	0.10128383	-70.2961	1
ENSG00000136535	TBR1	0.509498	0.82579	3.7061	0.844818754	-93.16795	0
ENSG00000136628	EPRS	0.198968	2.3277e-06	1.7534	1.756786213	-875.37524	1
ENSG00000136694	IL36A	0.092437	0.027791	-0.32573	-0.786741249	-121.6017	0
ENSG00000136696	IL36B	0.036731	0.044036	0.30018	-0.530087623	-114.00906	0
ENSG00000136697	IL1F10	0.029997	2.0421e-06	-0.41033	-0.745344777	-35.33832	0
ENSG00000136709	WDR33	0.46282	0.9166	4.0785	2.022384865	-577.17958	1
ENSG00000136718	IMP4	0.162991	4.4509e-05	0.56357	0.093786964	-791.68973	1
ENSG00000136807	CDK9	0.29757	0.093988	0.55531	0.931360181	-9.01961	1
ENSG00000136810	TXN	0.368579	0.21507	0.86199	-0.181758691	-7.01382	1
ENSG00000136824	SMC2	0.219763	0.80654	0.82816	0.079118658	-312.65593	1
ENSG00000136875	PRPF4	0.296097	0.99985	2.0425	0.461799565	-64.16192	1
ENSG00000136930	PSMB7	0.318673	0.53756	0.98404	0.088474859	-3929.05465	1
ENSG00000136937	NCBP1	0.42792	1	3.6885	1.106789495	-103.23186	1
ENSG00000136942	RPL35	0.459612	0.52517	1.2294	-0.049297531	-10.99298	1
ENSG00000136997	MYC	0.233953	0.98956	0.72619	0.128465445	-227.85179	1
ENSG00000137090	DMRT1	0.31856	0.35082	-0.69045	0.148771178	-686.09902	0
ENSG00000137154	RPS6	0.441716	0.97801	1.3948	0.439149742	-7.16136	1
ENSG00000137200	CMTR1	0.377267	0.31303	3.4168	1.3808059	-28.34808	1
ENSG00000137252	HCRTR2	0.402065	0.0046813	0.99312	-0.230483791	-106.09434	0
ENSG00000137411	VARS2	0.137597	8.7676e-18	0.75705	-0.766732554	-7034.76855	1
ENSG00000137674	MMP20	0.09198	4.9525e-14	-0.56843	-0.697684467	-1981.9007	0
ENSG00000137675	MMP27	0.039233	9.8044e-22	-0.64381	-1.279427218	-3648.05472	0
ENSG00000137807	KIF23	0.203098	0.98449	2.4239	0.380738207	-392.17175	1
ENSG00000137818	RPLP1	0.179276	0.16503	0.66924	-0.173479835	-6.91851	1
ENSG00000137947	GTF2B	0.56461	0.00015762	2.6681	0.165950321	-13.6013	1
ENSG00000137948	BRDT	0.041837	0.54431	-0.076141	-0.495866371	-2880.26845	0
ENSG00000137955	RABGGTB	0.346333	0.0032367	0.24749	0.537715224	-13.30383	1
ENSG00000138068	SULT6B1	0.03809	9.4414e-20	-0.67373	-0.817505475	-2968.40598	0
ENSG00000138071	ACTR2	0.69231	0.99675	3.7671	0.334493413	-2.21749	1
ENSG00000138073	PREB	0.073416	0.0036562	-0.09666	-0.238762509	-105.39495	1
ENSG00000138136	LBX1	0.217018	0.68549	1.1005	0.409783481	-14.04317	0
ENSG00000138160	KIF11	0.321001	1	3.439	-0.371060238	-111.45197	1
ENSG00000138231	DBR1	0.165214	0.00018744	0.84288	0.215782502	-128.83429	1
ENSG00000138442	WDR12	0.111281	0.00034985	0.48781	-0.189872569	-342.60629	1
ENSG00000138653	NDST4	0.213562	2.6231e-07	1.1183	-0.056469608	-255.16462	0
ENSG00000138684	IL21	0.382622	0.64196	1.5206	0.024429508	-2.45548	0
ENSG00000139131	YARS2	0.139994	4.7828e-11	0.30862	0.603321593	-1275.23642	1
ENSG00000139287	TPH2	0.388098	3.3007e-06	1.0887	0.347459996	-72.63575	0
ENSG00000139343	SNRPF	0.593045	0.69498	1.9535	-0.079446938	-4.10655	1
ENSG00000139648	KRT71	0.113596	8.8573e-07	-0.47346	-1.063375325	-6944.13349	0
ENSG00000139697	SBNO1	0.406074	1	3.527	2.009565928	-1461.40904	1
ENSG00000139797	RNF113B	0.157625	0.77235	0.73571	-0.367474539	-200.46799	0
ENSG00000140105	WARS	0.3376	0.004695	0.74815	-0.143948573	-108.70749	1
ENSG00000140395	WDR61	0.371333	0.93512	2.0685	0.418062291	-5.82137	1
ENSG00000140534	TICRR	0.042818	1.4599e-13	-1.3007	-1.678593257	-8928.73049	1
ENSG00000140988	RPS2	0.480695	0.38754	0.59603	0.224682963	-9.93416	1
ENSG00000141030	COPS3	0.46153	0.91871	0.941	0.509910227	-14.78144	1
ENSG00000141194	OR4D1	0.111034	0.00021201	0.47523	-0.137234463	-2214.93713	0
ENSG00000141200	KIF2B	0.027289	2.2983e-10	-0.70789	-1.858128307	-2439.30952	0
ENSG00000141367	CLTC	0.695731	0.3785	8.0501	2.05827746	-29.64323	1
ENSG00000141434	MEP1B	0.061666	2.8761e-24	0.8147	-0.55694258	-1007.09424	0
ENSG00000141543	EIF4A3	0.767394	0.91352	4.1735	0.608476137	-9.44537	1
ENSG00000141556	TBCD	0.246581	0.12661	0.99229	0.985303883	-630.24341	1
ENSG00000141759	TXNL4A	0.808022	0.037516	2.8786	0.102687191	-3.51916	1
ENSG00000141946	ZIM3	0.060604	2.1267e-05	-0.41478	-1.40440929	-3426.60671	0
ENSG00000142025	DMRTC2	0.13253	0.87555	0.97673	-0.083031743	-37.06083	0
ENSG00000142230	SAE1	0.210478	0.53817	0.08564	-0.586473699	-72.606	1
ENSG00000142534	RPS11	0.469308	0.17889	0.65442	0.058326533	-1.21425	1
ENSG00000142615	CELA2A	0.073067	2.5266e-16	0.020858	-0.582725863	-54.83822	0
ENSG00000142676	RPL11	0.566513	0.85753	1.821	0.231399056	-5.48246	1
ENSG00000142789	CELA3A	0.141076	9.7779e-05	-0.71367	-1.047761147	-985.05923	0
ENSG00000142937	RPS8	0.551599	0.99039	2.4696	0.317935806	-1.20885	1
ENSG00000143006	DMRTB1	0.041096	0.83693	1.1283	-0.307340506	-1259.2225	0
ENSG00000143105	KCNA10	0.078576	0.00068409	-0.76696	-0.854205558	-806.83881	0
ENSG00000143106	PSMA5	0.704238	0.98038	2.8734	0.057544689	-4.78683	1
ENSG00000143107	FNDC7	0.071189	5.2497e-08	0.87122	-1.09508898	-1673.11244	0
ENSG00000143228	NUF2	0.234288	2.3875e-05	0.87997	0.18110409	-1402.19748	1
ENSG00000143252	SDHC	0.234807	0.00043998	0.84089	0.268263024	-5.31927	1
ENSG00000143256	PFDN2	0.225786	0.38209	0.51243	-0.123024262	-11.43886	1
ENSG00000143278	F13B	0.05806	4.0483e-09	0.62469	0.300133654	-130.2596	0
ENSG00000143319	ISG20L2	0.212753	0.071869	0.8164	0.077229584	-253.36585	1
ENSG00000143476	DTL	0.206194	0.029184	1.9269	1.517038732	-126.25129	1
ENSG00000143520	FLG2	0.132488	0.016683	-0.59883	-0.48613146	-6513.79854	0
ENSG00000143536	CRNN	0.030681	0.00010172	-0.35201	-0.06412799	-894.83695	0
ENSG00000143624	INTS3	0.53339	0.77308	4.4735	2.062026068	-26.14611	1
ENSG00000143748	NVL	0.144069	2.6827e-06	0.46246	-0.064748288	-427.87942	1
ENSG00000143774	GUK1	0.098338	1.0176e-07	0.87772	-0.079283502	-85.40721	1
ENSG00000143921	ABCG8	0.098245	2.0415e-20	-2.4488	-0.766732554	-6759.48039	0
ENSG00000144021	CIAO1	0.196441	0.0011749	1.0543	-0.302026892	-37.15981	1
ENSG00000144028	SNRNP200	0.51155	0.99998	6.2285	3.669676915	-177.85929	1
ENSG00000144231	POLR2D	0.507028	0.13292	1.7946	-0.095222166	-1.79817	1
ENSG00000144381	HSPD1	0.428781	0.32753	0.64015	0.312781799	-89.54005	1
ENSG00000144962	SPATA16	0.116083	1.6654e-10	0.33134	-0.29061859	-5978.92356	0
ENSG00000145191	EIF2B5	0.236443	0.13364	0.93069	0.811079202	-3888.77026	1
ENSG00000145241	CENPC	0.077653	0.0010556	0.86593	-0.80984282	-141.18152	1
ENSG00000145309	CABS1	0.038748	0.0082765	-0.4006	-0.329828687	-1425.99869	0
ENSG00000145384	FABP2	0.13989	0.0054053	0.81973	-0.19753356	-11.89638	0
ENSG00000145386	CCNA2	0.379804	0.9997	2.4139	0.150956069	-53.82847	1
ENSG00000145839	IL9	0.047512	9.6189e-07	0.26688	-0.729570958	-154.84152	0
ENSG00000145863	GABRA6	0.118685	0.00029635	-0.31973	0.005849548	-678.61776	0
ENSG00000145888	GLRA1	0.386026	0.021018	1.6227	0.210470385	-149.47271	0
ENSG00000145912	NHP2	0.117889	0.12129	0.096552	-0.168166345	-26.41417	1
ENSG00000146047	HIST1H2BA	0.064202	0.10687	-1.2484	-0.043202614	-11.90297	0
ENSG00000146263	MMS22L	0.113175	8.9065e-05	-0.054962	-0.525082233	-4046.66353	1
ENSG00000146282	RARS2	0.114178	0.00023857	0.37159	-0.042258271	-1187.41612	1
ENSG00000146378	TAAR2	0.060159	5.9545e-06	-0.30359	-0.733930193	-1296.89322	0
ENSG00000146383	TAAR6	0.039412	0.017249	-1.1604	-0.815155867	-949.23434	0
ENSG00000146385	TAAR8	0.090602	0.00029713	-0.52676	-0.437453189	-140.55666	0
ENSG00000146399	TAAR1	0.045225	0.00030397	-0.69499	-0.763298808	-113.0813	0
ENSG00000146731	CCT6A	0.228209	0.99463	1.258	0.087072107	-345.9113	1
ENSG00000146834	MEPCE	0.268778	0.977	2.0898	0.958541346	-83.03091	1
ENSG00000146910	CNPY1	0.082943	3.716e-05	-0.043865	-0.268295405	-7.78877	0
ENSG00000147160	AWAT2	0.255649	0.16492	1.3161	-0.071223414	-21.22315	0
ENSG00000147162	OGT	0.748833	0.86606	5.8315	1.418115946	-6.35942	1
ENSG00000147246	HTR2C	0.30152	0.18821	0.78891	-0.149080041	-746.64389	0
ENSG00000147262	GPR119	0.226621	0.0088689	1.2328	0.330144346	-18.65114	0
ENSG00000147274	RBMX	0.617769	0.86534	2.8933	-2.039395684	-16.97983	1
ENSG00000147434	CHRNA6	0.111663	3.0188e-06	0.075359	0.405411265	-115.95545	0
ENSG00000147536	GINS4	0.145265	0.0057617	0.59375	-0.019148579	-33.02354	1
ENSG00000147613	PSKH2	0.112001	8.9257e-09	-0.049437	-1.141801373	-1099.91572	0
ENSG00000147679	UTP23	0.102674	0.15151	0.69549	-0.250171658	-1940.84801	1
ENSG00000148156	ACTL7B	0.065888	2.468e-06	0.59876	0.85997209	-750.79102	0
ENSG00000148215	OR5C1	0.049168	0.00012215	0.17189	-0.317019306	-156.0106	0
ENSG00000148308	GTF3C5	0.112391	0.0014827	0.99917	0.266236653	-86.1619	1
ENSG00000148386	LCN9	0.040319	0.010525	-0.022509	-0.843911919	-43.30235	0
ENSG00000148482	SLC39A12	0.10017	1.7757e-05	0.058574	-0.972302076	-1041.0355	0
ENSG00000148513	ANKRD30A	0.016335	3.0281e-43	-2.7407	-0.905787954	-3097.8543	0
ENSG00000148602	LRIT1	0.035393	3.1009e-15	-0.53485	-0.590058122	-947.54435	0
ENSG00000148606	POLR3A	0.330554	1.6208e-23	2.5493	2.256686659	-227.15204	1
ENSG00000149016	TUT1	0.075949	0.015009	0.6259	0.124260909	-152.84753	1
ENSG00000149273	RPS3	0.488379	0.70931	2.8502	0.07488405	-127.68923	1
ENSG00000149452	SLC22A8	0.183267	8.1036e-09	0.95534	0.010379901	-282.99018	0
ENSG00000149554	CHEK1	0.268598	8.6728e-08	0.50224	0.857627844	-581.70191	1
ENSG00000149742	SLC22A9	0.087522	1.4381e-11	-0.49257	-0.577249032	-139.80771	0
ENSG00000149806	FAU	0.291556	0.86001	0.79623	-0.037270455	-15.91712	1
ENSG00000149923	PPP4C	0.733412	0.90483	3.4538	0.512878601	-2.17485	1
ENSG00000150244	TRIM48	0.034397	1.1576e-27	-3.4484	-1.820013538	-499.24357	0
ENSG00000150459	SAP18	0.34381	0.70917	0.92919	0.025211478	-5.43227	1
ENSG00000150676	CCDC83	0.017699	2.7855e-07	-0.49112	-0.596934843	-1027.35274	0
ENSG00000150753	CCT5	0.413819	0.9998	1.6615	0.677832126	-206.73609	1
ENSG00000150990	DHX37	0.236403	0.99911	0.90034	-1.582420364	-4588.20578	1
ENSG00000151005	TKTL2	0.088839	1.3328e-07	0.049672	-0.515548304	-444.57048	0
ENSG00000151033	LYZL2	0.031951	9.6508e-07	-0.46525	-1.053862213	-217.1399	0
ENSG00000151418	ATP6V1G3	0.104448	0.16193	0.49894	-0.325464467	-304.83429	0
ENSG00000151461	UPF2	0.355871	1	3.3007	2.139712629	-286.42271	1
ENSG00000151465	CDC123	0.24657	2.2435e-05	0.90795	0.258579333	-652.29048	1
ENSG00000151577	DRD3	0.308171	0.002019	1.4911	-0.000244919	-55.45707	0
ENSG00000151615	POU4F2	0.200807	0.075575	0.10217	0.272951507	-973.71567	0
ENSG00000151952	TMEM132D	0.209461	0.99976	0.7082	1.402276825	-753.94913	0
ENSG00000151962	RBM46	0.369454	0.99015	2.5453	0.448990697	-336.91349	0
ENSG00000152240	HAUS1	0.066681	0.021065	-0.087692	0.011000039	-139.20452	1
ENSG00000152253	SPC25	0.136931	0.43521	0.72548	0.141114072	-94.88564	1
ENSG00000152464	RPP38	0.093829	0.056719	-0.25876	-0.182376244	-2905.41106	1
ENSG00000152592	DMP1	0.192793	1.7356e-07	0.33753	-1.111648139	-1525.209	0
ENSG00000152595	MEPE	0.061637	0.036472	0.83175	-0.913724112	-213.8891	0
ENSG00000152670	DDX4	0.345653	0.54222	0.44955	0.427281143	-861.19729	0
ENSG00000152904	GGPS1	0.30823	0.45173	1.348	0.022245082	-27.92768	1
ENSG00000153037	SRP19	0.258572	0.00012129	0.086596	0.177977719	-5.87102	1
ENSG00000153187	HNRNPU	0.497957	1	3.5715	0.727506195	-41.32875	1
ENSG00000153266	FEZF2	0.509618	0.98639	2.2599	0.257797899	-12.16514	0
ENSG00000153989	NUS1	0.289738	0.98293	1.1288	-0.354832425	-34.05813	1
ENSG00000154007	ASB17	0.028961	3.1935e-06	-0.11914	0.044114819	-2908.65649	0
ENSG00000154143	PANX3	0.094144	2.6336e-05	0.50883	-0.584907745	-216.58313	0
ENSG00000154438	ASZ1	0.032579	0.14292	-0.44744	-0.25453764	-1496.44973	0
ENSG00000154473	BUB3	0.36886	0.52484	0.62407	0.488822699	-7.12358	1
ENSG00000154478	GPR26	0.475718	0.53473	2.7882	0.533966056	-15.615	0
ENSG00000154485	MMP21	0.086447	8.929e-09	1.3915	-0.040074096	-314.41591	0
ENSG00000154646	TMPRSS15	0.051543	0.10129	-0.75783	-1.057923467	-4144.50068	0
ENSG00000154727	GABPA	0.604771	0.99791	3.2352	0.496320876	-13.41069	1
ENSG00000154997	SEPT14	0.038114	3.6063e-05	0.44351	-1.138837304	-262.69433	0
ENSG00000155052	CNTNAP5	0.186396	0.99292	0.5028	1.041096525	-325.79675	0
ENSG00000155269	GPR78	0.027345	2.8563e-06	-1.1172	-0.603649178	-647.17018	0
ENSG00000155827	RNF20	0.388736	0.22177	3.2236	1.101640599	-121.63796	1
ENSG00000155833	CYLC2	0.01473	2.3292e-05	-1.4729	-1.211787536	-187.28235	0
ENSG00000155858	LSM11	0.079872	0.61287	1.0177	0.641591886	-113.73492	1
ENSG00000155890	TRIM42	0.179414	4.7053e-19	0.45982	-0.930125348	-4067.35531	0
ENSG00000156150	ALX3	0.120627	0.010077	0.29756	0.254049237	-42.10694	0
ENSG00000156261	CCT8	0.183684	0.11646	0.9475	0.817794454	-254.13959	1
ENSG00000156282	CLDN17	0.103495	0.00034603	-0.2201	-0.871712974	-1505.00273	0
ENSG00000156502	SUPV3L1	0.244763	0.15964	1.2588	0.92027527	-386.77694	1
ENSG00000156575	PRG3	0.034652	0.00036428	-0.47201	-0.773145585	-283.05119	0
ENSG00000156925	ZIC3	0.538408	0.92943	2.6474	0.009056444	-57.6505	0
ENSG00000156970	BUB1B	0.167612	2.4041e-09	1.1244	-0.078960071	-874.14286	1
ENSG00000157020	SEC13	0.180237	0.0027203	0.61913	0.606288868	-39.29791	1
ENSG00000157060	SHCBP1L	0.042245	1.3298e-10	0.034255	-0.893417174	-747.67858	0
ENSG00000157131	C8A	0.077768	4.4787e-15	-0.97108	-0.877480934	-2893.50809	0
ENSG00000157211	CDCP2	0.042115	1.2029e-10	0.0012285	-0.73986149	-3871.63056	0
ENSG00000157219	HTR5A	0.10962	0.0071699	0.23466	0.202973525	-145.62708	0
ENSG00000157778	PSMG3	0.293589	0.18063	0.5569	-0.147860654	-17.49134	1
ENSG00000158417	EIF5B	0.343508	0.99971	2.7157	0.872951166	-107.37591	1
ENSG00000158748	HTR6	0.05101	0.00071583	0.36413	0.306848218	-53.40321	0
ENSG00000158786	PLA2G2F	0.036975	2.2694e-06	-0.15781	-0.348734709	-54.35042	0
ENSG00000159131	GART	0.195239	6.8056e-05	0.91985	-0.094735807	-1828.99248	1
ENSG00000159147	DONSON	0.054264	1.6242e-08	0.51355	-0.444949328	-126.67146	1
ENSG00000159259	CHAF1B	0.29201	0.40321	1.8641	0.484450757	-576.76315	1
ENSG00000159352	PSMD4	0.461404	0.35255	2.6583	0.661899093	-10.11657	1
ENSG00000159377	PSMB4	0.283529	0.0020389	0.55161	0.480543862	-1699.46831	1
ENSG00000159527	PGLYRP3	0.095435	6.9392e-08	0.5544	-0.622554507	-5533.08243	0
ENSG00000159650	UROC1	0.079244	2.3358e-15	-0.43182	-0.531950749	-647.41865	0
ENSG00000159961	OR3A3	0.118067	0.00018065	0.56546	-0.280322155	-4974.65453	0
ENSG00000160075	SSU72	0.706777	0.57347	0.85404	0.202032699	-0.82029	1
ENSG00000160201	U2AF1	0.852119	0.95345	3.9624	0.148611299	-4.96492	1
ENSG00000160214	RRP1	0.059041	5.0313e-05	-0.23328	-0.498370563	-2696.1066	1
ENSG00000160294	MCM3AP	0.174343	0.10385	-0.91397	0.970183379	-2976.75211	1
ENSG00000160505	NLRP4	0.156919	2.8533e-10	-0.068674	-0.283431848	-73.01576	0
ENSG00000160563	MED27	0.226692	0.057371	0.52586	0.224682963	-100.73367	1
ENSG00000160882	CYP11B1	0.029397	0.0068545	-0.45222	0.033031714	-350.77826	0
ENSG00000160917	CPSF4	0.622483	0.037927	3.377	0.14564424	-12.32758	1
ENSG00000160948	VPS28	0.326827	0.094124	0.94592	0.187819458	-18.89106	1
ENSG00000160949	TONSL	0.082513	1.6254e-13	0.10705	-1.004366751	-6834.88962	1
ENSG00000161016	RPL8	0.4394	0.6102	1.8178	0.385728038	-51.82189	1
ENSG00000161031	PGLYRP2	0.103642	0.049315	0.27768	-0.418548161	-1454.60989	0
ENSG00000161057	PSMC2	0.694055	0.99703	3.7721	0.414313318	-6.07663	1
ENSG00000161572	LYZL6	0.074865	0.00072151	0.31205	-0.201281576	-1283.21856	0
ENSG00000161609	CCDC155	0.112709	2.9516e-08	0.98619	-0.391528305	-104.6039	0
ENSG00000161654	LSM12	0.470161	0.97362	1.9627	-0.062106881	-36.37283	1
ENSG00000161800	RACGAP1	0.323525	0.012636	0.99093	0.014128202	-52.39059	1
ENSG00000161849	KRT84	0.032447	5.2797e-10	-1.1798	-2.148761791	-6242.58699	0
ENSG00000161850	KRT82	0.036752	2.992e-18	-0.65012	-1.355354244	-2027.94663	0
ENSG00000161920	MED11	0.138872	1.1795e-06	0.66475	0.070353769	-5.65246	1
ENSG00000161980	POLR3K	0.099416	0.10874	-0.16137	0.025211478	-10.37777	1
ENSG00000161981	SNRNP25	0.189351	0.0002985	0.43451	-0.407470276	-11.70408	1
ENSG00000162231	NXF1	0.39124	0.046503	2.6711	1.325811928	-35.98594	1
ENSG00000162365	CYP4A22	0.031388	9.128e-30	-0.98365	-2.257993801	-9392.57383	0
ENSG00000162368	CMPK1	0.400061	0.40201	0.8802	-0.214874169	-536.7809	1
ENSG00000162385	MAGOH	0.794863	0.81414	2.6472	-0.004937353	-2.7415	1
ENSG00000162399	BSND	0.04519	1.0554e-10	0.072431	-0.539765009	-38.75161	0
ENSG00000162408	NOL9	0.216667	0.0086415	1.6244	0.241400552	-89.12472	1
ENSG00000163012	ZSWIM2	0.025661	2.9921e-15	-0.88285	-0.580997796	-1579.85177	0
ENSG00000163161	ERCC3	0.207122	9.2788e-12	0.60507	1.894213843	-87.85755	1
ENSG00000163217	BMP10	0.34868	0.88803	1.1121	-0.078501303	-137.094	0
ENSG00000163295	ALPI	0.075723	3.0801e-18	0.47873	-0.977613053	-160.50719	0
ENSG00000163394	CCKAR	0.093524	0.00396	0.27552	-0.406521075	-175.0724	0
ENSG00000163424	C3orf30	0.079715	0.030939	0.35067	-1.536111309	-2760.18176	0
ENSG00000163440	PDCL2	0.052307	0.0071656	0.63937	-0.1238068	-75.77943	0
ENSG00000163468	CCT3	0.251329	0.8351	0.65779	0.406193161	-753.2878	1
ENSG00000163515	RETNLB	0.071613	0.041939	-0.25817	-0.292348897	-2044.02241	0
ENSG00000163518	FCRL4	0.053073	7.1304e-10	-0.49862	-1.250838654	-105.58892	0
ENSG00000163581	SLC2A2	0.17989	0.019221	0.97986	0.248897265	-1965.19505	0
ENSG00000163655	GMPS	0.307727	0.99805	2.4579	0.718445538	-62.16037	1
ENSG00000163811	WDR43	0.188503	0.92228	0.99541	-0.415582201	-60.05789	1
ENSG00000163882	POLR2H	0.355056	0.64835	0.88918	0.078632541	-21.98231	1
ENSG00000163914	RHO	0.208557	0.00014887	0.33276	0.512253979	-69.29687	0
ENSG00000163918	RFC4	0.088122	0.022326	0.97089	-0.037107911	-88.12108	1
ENSG00000163938	GNL3	0.134992	1.9688e-06	0.54229	-0.199552905	-6200.21239	1
ENSG00000163982	OTOP1	0.149756	6.3402e-23	-0.61873	-0.857954453	-1114.22669	0
ENSG00000164109	MAD2L1	0.215867	0.0099812	1.106	0.244207823	-19.38659	1
ENSG00000164113	ADAD1	0.205483	0.17333	0.97002	0.537872277	-57.5578	0
ENSG00000164163	ABCE1	0.661076	0.96696	4.2245	0.719852073	-5.45332	1
ENSG00000164219	PGGT1B	0.261995	0.1431	0.7918	0.46101829	-134.97765	1
ENSG00000164256	PRDM9	0.163348	0.00021989	-0.43292	-1.432067562	-268.62721	0
ENSG00000164325	TMEM174	0.125387	0.18178	-0.058145	-0.850622603	-105.96814	0
ENSG00000164346	NSA2	0.161602	0.17263	0.763	0.067387132	-98.21908	1
ENSG00000164363	SLC6A18	0.034153	4.2937e-22	0.42083	-1.213818212	-651.86737	0
ENSG00000164399	IL3	0.034895	2.3419e-09	0.22448	-0.448081488	-83.42563	0
ENSG00000164508	HIST1H2AA	0.038115	0.0014987	-0.84006	0.686736041	-9.21128	0
ENSG00000164600	NEUROD6	0.407555	0.88977	1.9427	0.269825348	-14.23098	0
ENSG00000164609	SLU7	0.279125	0.0030293	2.0344	0.391820636	-149.54581	1
ENSG00000164754	RAD21	0.43432	0.89441	0.69533	1.048051737	-75.51422	1
ENSG00000164758	MED30	0.197119	0.2099	0.61807	-0.354048978	-114.26306	1
ENSG00000164794	KCNV1	0.61502	0.98184	4.2063	0.447428558	-9.55845	0
ENSG00000164816	DEFA5	0.044028	5.9221e-06	-1.7786	-0.497755295	-9.08816	0
ENSG00000164822	DEFA6	0.057594	4.4127e-06	-1.9892	0.079414324	-140.11248	0
ENSG00000164880	INTS1	0.247449	1.1476e-06	0.25705	1.155328506	-422.05224	1
ENSG00000164893	SLC7A13	0.024969	1.3798e-13	-0.96576	-1.110865869	-4179.01352	0
ENSG00000164941	INTS8	0.176511	0.636	0.96595	1.131011433	-90.45229	1
ENSG00000165076	PRSS37	0.053672	2.7049e-06	0.39496	-0.455577034	-70.93988	0
ENSG00000165119	HNRNPK	0.611301	0.86602	4.0723	0.822950465	-5.95251	1
ENSG00000165271	NOL6	0.220218	0.99998	0.93766	-0.947961023	-535.96118	1
ENSG00000165280	VCP	0.798097	0.94011	5.6379	1.113506842	-14.2901	1
ENSG00000165370	GPR101	0.220417	0.71243	0.71597	-1.299874351	-3489.39734	0
ENSG00000165471	MBL2	0.07756	0.014648	0.31272	-0.93794826	-2524.07787	0
ENSG00000165501	LRR1	0.067487	0.00067876	0.66443	-0.201899464	-4122.57401	1
ENSG00000165556	CDX2	0.144972	0.53405	1.3081	-0.027427318	-284.0769	0
ENSG00000165583	SSX5	0.047071	0.0012116	-1.2579	-1.601682576	-14.74383	0
ENSG00000165584	SSX3	0.136877	0.0086858	-0.84566	-0.247589832	-11.37943	0
ENSG00000165643	SOHLH1	0.031342	0.0027096	-0.76547	-1.272711731	-109.60074	0
ENSG00000165684	SNAPC4	0.071564	3.7463e-29	-0.90317	-2.26060349	-4352.03325	1
ENSG00000165688	PMPCA	0.168486	0.00044539	0.4251	0.557559766	-64.34553	1
ENSG00000165694	FRMD7	0.293696	0.77841	0.8557	-0.507975383	-790.14837	0
ENSG00000165732	DDX21	0.380372	0.99996	2.6097	0.151117109	-95.1412	1
ENSG00000165841	CYP2C19	0.04923	4.1125e-20	-2.3311	-1.360664273	-378.83872	0
ENSG00000165916	PSMC3	0.655383	0.95636	3.898	0.459456397	-0.9687	1
ENSG00000165934	CPSF2	0.404276	0.00032421	3.4109	0.830604008	-28.99401	1
ENSG00000165953	SERPINA12	0.035844	5.8668e-07	-1.038	-0.876076291	-125.40993	0
ENSG00000165970	SLC6A5	0.209091	1.0234e-14	0.001759	-0.537260703	-4374.32344	0
ENSG00000166049	PASD1	0.048778	0.95016	-0.89809	-0.176005788	-296.86261	0
ENSG00000166090	IL25	0.0428	0.006168	-0.020958	-0.418713582	-30.97695	0
ENSG00000166157	TPTE	0.013353	3.1603e-23	-0.69352	-5.68687768	-179.24136	0
ENSG00000166226	CCT2	0.258883	0.99668	1.5162	0.883246429	-32.54284	1
ENSG00000166233	ARIH1	0.718638	0.94809	4.7697	0.649090523	-26.15209	1
ENSG00000166260	COX11	0.193073	0.0055425	0.71623	0.158453138	-42.54693	1
ENSG00000166363	OR10A5	0.081468	0.024442	-0.63431	-1.023706516	-565.77518	0
ENSG00000166368	OR2D2	0.041825	4.5823e-08	-0.89307	-0.919821312	-3996.34126	0
ENSG00000166441	RPL27A	0.38672	0.87295	0.9785	0.193753909	-17.6401	1
ENSG00000166483	WEE1	0.32302	0.98695	0.76016	0.278885429	-161.53498	1
ENSG00000166508	MCM7	0.116484	3.7922e-05	-0.95703	0.982155647	-1601.37434	1
ENSG00000166509	CLEC3A	0.032024	1.3999e-10	-2.8289	-0.066474364	-627.36112	0
ENSG00000166573	GALR1	0.071681	0.0034291	-0.14345	0.151737795	-421.27663	0
ENSG00000166634	SERPINB12	0.033869	5.0139e-25	-0.77394	-0.460724479	-445.92863	0
ENSG00000166847	DCTN5	0.459024	0.016296	1.7519	0.22312028	-7.99244	1
ENSG00000166851	PLK1	0.439934	0.6277	0.81679	0.303099844	-97.38524	1
ENSG00000166862	CACNG2	0.527252	0.93506	2.0235	0.096753576	-24.71448	0
ENSG00000166948	TGM6	0.028949	3.4259e-20	-0.8041	-3.0604781	-764.51785	0
ENSG00000166986	MARS	0.204764	0.0007234	0.68269	0.325135237	-107.62904	1
ENSG00000167085	PHB	0.491884	0.43369	2.4868	0.471484322	-11.35938	1
ENSG00000167088	SNRPD1	0.750514	0.57398	2.3637	-0.087725799	-1.22504	1
ENSG00000167098	SUN5	0.030927	0.00010059	0.8335	-0.379501407	-1059.74186	0
ENSG00000167104	BPIFB6	0.027399	2.1891e-13	-0.26073	-0.632234466	-1025.58398	0
ENSG00000167113	COQ4	0.088382	0.31251	-0.46276	-0.48790947	-335.79652	1
ENSG00000167139	TBC1D21	0.074612	1.2829e-07	0.54013	-0.190654974	-416.08891	0
ENSG00000167230	C17orf78	0.101544	3.8978e-07	0.91398	-0.208777641	-706.57381	0
ENSG00000167272	POP5	0.098389	3.5237e-07	0.63395	0.038020593	-51.42928	1
ENSG00000167325	RRM1	0.565684	0.9999	4.0812	0.776398904	-49.59769	1
ENSG00000167346	MMP26	0.030436	4.1734e-11	-0.21818	-0.55039333	-886.55948	0
ENSG00000167513	CDT1	0.067986	8.0464e-05	-1.7818	-1.411756435	-248.60148	1
ENSG00000167526	RPL13	0.125161	0.94999	-0.092859	0.278104097	-770.99247	1
ENSG00000167531	LALBA	0.193027	0.74024	0.87516	-0.198316419	-4.26837	0
ENSG00000167658	EEF2	0.610121	0.32804	0.66826	2.696078942	-10.26606	1
ENSG00000167670	CHAF1A	0.332452	0.40282	-0.0035579	0.669107475	-349.85937	1
ENSG00000167721	TSR1	0.11279	3.76e-10	0.040342	0.341692976	-2036.30647	1
ENSG00000167800	TBX10	0.083939	1.2143e-08	0.077956	0.487417493	-1177.2229	0
ENSG00000167910	CYP7A1	0.062169	0.0002821	-0.31111	0.22031282	-166.85402	0
ENSG00000167986	DDB1	0.493842	0.52035	5.0089	2.3112837	-20.58446	1
ENSG00000168002	POLR2G	0.60801	0.098303	0.42804	0.235147858	-4.36266	1
ENSG00000168066	SF1	0.467969	0.67382	0.47735	0.805766583	-20.81543	1
ENSG00000168090	COPS6	0.436964	0.5099	2.2523	0.480543862	-28.94352	1
ENSG00000168348	INSM2	0.04743	0.88183	0.96776	-0.151445053	-140.55953	0
ENSG00000168393	DTYMK	0.131902	0.0016918	0.38206	0.137365502	-24.53091	1
ENSG00000168418	KCNG4	0.059363	1.0381e-10	-1.7446	-0.920286869	-7132.56288	0
ENSG00000168515	SCGB1D1	0.033539	1.4547e-07	-0.13015	-0.420280504	-8.46595	0
ENSG00000168522	FNTA	0.157708	0.97747	0.91492	0.493352543	-53.56528	1
ENSG00000168619	ADAM18	0.024165	2.0521e-06	-0.76202	-0.991050545	-973.36033	0
ENSG00000168787	OR12D2	0.119121	0.66839	0.52233	-1.357863797	-5578.30294	0
ENSG00000168827	GFM1	0.228575	3.8151e-13	0.89331	0.64331463	-654.74789	1
ENSG00000168875	SOX14	0.311663	0.86222	1.171	0.149392822	-6.59795	0
ENSG00000168883	USP39	0.315904	0.049688	2.3586	0.524281463	-200.68092	1
ENSG00000168930	TRIM49	0.020523	2.6894e-05	-0.05613	-0.862826996	-541.3314	0
ENSG00000168959	GRM5	0.495898	0.99707	3.7725	1.902495362	-220.27519	0
ENSG00000169021	UQCRFS1	0.426732	0.52753	1.9313	-0.04554926	-10.73011	1
ENSG00000169154	GOT1L1	0.023078	0.0051236	-0.049897	-0.621771718	-507.731	0
ENSG00000169194	IL13	0.086614	0.013298	0.4259	-0.320933389	-16.36014	0
ENSG00000169230	PRELID1	0.26961	0.6376	0.54569	-0.201281576	-4.31085	1
ENSG00000169251	NMD3	0.069201	0.021767	0.067655	1.144438542	-81.92408	1
ENSG00000169327	OR5AU1	0.023086	1.4646e-06	-1.1986	-1.859064624	-696.21601	0
ENSG00000169340	PDILT	0.063658	0.22201	-0.50976	-1.632352799	-2182.56553	0
ENSG00000169344	UMOD	0.240114	0.0071216	0.87511	0.786241786	-836.45901	0
ENSG00000169575	VPREB1	0.070327	0.09959	0.020687	-0.720507039	-33.59357	0
ENSG00000169688	MT1B	0.060052	0.031615	0.045401	-0.825176318	-133.70913	0
ENSG00000169727	GPS1	0.268222	0.8963	0.93047	0.616912824	-39.06599	1
ENSG00000169840	GSX1	0.232623	0.046052	0.49135	-0.139581853	-62.32946	0
ENSG00000169876	MUC17	0.003928	2.4775e-61	-6.799	-11.18046066	-4366.26914	0
ENSG00000169906	S100G	0.118476	0.11904	0.37781	-0.129631726	-272.38672	0
ENSG00000169976	SF3B5	0.488207	0.58777	1.3415	0.003341473	-1.17647	1
ENSG00000170043	TRAPPC1	0.245265	0.075249	0.79507	0.103468847	-0.98111	1
ENSG00000170054	SERPINA9	0.037553	1.8302e-11	-0.94119	-1.774687398	-5288.84851	0
ENSG00000170289	CNGB3	0.05191	0.00049993	-0.10515	-1.003079958	-696.97117	0
ENSG00000170312	CDK1	0.669526	0.90522	3.0806	0.181726402	-3.23745	1
ENSG00000170367	CST5	0.04629	8.4786e-06	-1.4065	-0.732533676	-72.69905	0
ENSG00000170423	KRT78	0.044598	0.17873	-0.54487	-1.872498307	-3610.85354	0
ENSG00000170442	KRT86	0.031657	0.22261	-0.37487	-0.287652528	-332.90162	0
ENSG00000170445	HARS	0.215472	0.001198	0.95681	0.096132744	-160.6993	1
ENSG00000170454	KRT75	0.118298	5.2159e-08	-0.94461	-2.209708427	-4704.24385	0
ENSG00000170484	KRT74	0.054338	3.742e-15	-1.2745	-1.706099233	-4847.27432	0
ENSG00000170613	FAM71B	0.17861	0.0023536	0.11448	-1.402064411	-349.51492	0
ENSG00000170748	RBMXL2	0.036614	0.083921	0.27684	-0.462289767	-1116.15696	0
ENSG00000170777	TPD52L3	0.057856	0.28192	-0.95305	-0.31187141	-59.94731	0
ENSG00000170790	OR10A2	0.091293	0.0035001	-0.63623	-0.265163731	-8490.86892	0
ENSG00000170855	TRIAP1	0.125986	0.061539	0.17351	-0.178010681	-6.87534	1
ENSG00000170950	PGK2	0.142858	1.1284e-05	-0.88256	-0.823435046	-198.96137	0
ENSG00000170967	DDI1	0.143975	2.7923e-09	0.065289	-0.576628807	-239.4094	0
ENSG00000171195	MUC7	0.166132	0.015584	0.039864	-1.249438744	-2234.27781	0
ENSG00000171209	CSN3	0.036179	0.072229	0.020322	-0.579761742	-139.90818	0
ENSG00000171314	PGAM1	0.140853	3.0486e-07	0.34669	-0.416532869	-43.96465	1
ENSG00000171360	KRT38	0.054244	2.7635e-09	-0.58985	-0.371841974	-172.03352	0
ENSG00000171396	KRTAP4-4	0.098761	0.33058	-0.36425	-0.810794536	-2907.53582	0
ENSG00000171403	KRT9	0.164793	0.0015818	0.56813	0.039746217	-104.29558	0
ENSG00000171405	XAGE5	0.018502	1.9134e-06	-0.89651	-0.157602694	-4.12462	0
ENSG00000171453	POLR1C	0.044814	3.3604e-05	-0.456	0.091602421	-182.78241	1
ENSG00000171459	OR1L6	0.048803	4.7868e-06	-0.4472	-1.012464036	-255.17587	0
ENSG00000171484	OR1B1	0.040289	1.9492e-05	0.045297	-0.949191077	-6554.83979	0
ENSG00000171487	NLRP5	0.04716	3.3244e-13	-2.2112	-0.785999308	-2994.59421	0
ENSG00000171501	OR1N2	0.087284	1.8654e-05	0.24949	-0.40058981	-1107.72506	0
ENSG00000171532	NEUROD2	0.434317	0.93896	2.7823	0.347302043	-18.18079	0
ENSG00000171561	OR2AT4	0.058658	0.0041302	0.047666	-0.598500582	-156.25725	0
ENSG00000171566	PLRG1	0.461475	0.96615	0.83709	0.118623033	-28.74018	1
ENSG00000171720	HDAC3	0.675903	0.63266	3.7444	0.480543862	-98.72035	1
ENSG00000171763	SPATA5L1	0.056314	6.9036e-09	0.96931	0.213598289	-4604.10601	1
ENSG00000171793	CTPS1	0.523426	0.061856	3.7973	0.688297251	-22.57002	1
ENSG00000171858	RPS21	0.168182	0.10036	0.72193	-0.004155264	-236.5999	1
ENSG00000171863	RPS7	0.514245	0.91335	1.7167	0.09519008	-31.08852	1
ENSG00000171944	OR52A5	0.046567	3.0629e-06	-0.88584	-0.928100685	-211.07936	0
ENSG00000171956	FOXB1	0.26198	0.9088	1.7043	0.30372164	-38.21286	0
ENSG00000171987	C11orf40	0.011919	1.0097e-06	-2.9394	-0.364509381	-464.3754	0
ENSG00000172016	REG3A	0.213277	0.00076144	-0.11316	-0.225335233	-12.35762	0
ENSG00000172053	QARS	0.207673	1.0984e-06	0.091135	1.128048342	-211.23017	1
ENSG00000172115	CYCS	0.549374	0.64807	1.4321	-0.016964524	-6.40043	1
ENSG00000172238	ATOH1	0.101894	0.018979	-0.18016	0.40837817	-241.72664	0
ENSG00000172262	ZNF131	0.413832	0.98637	0.8387	0.22702777	-86.63819	1
ENSG00000172269	DPAGT1	0.342331	0.16675	1.565	0.634093577	-503.86292	1
ENSG00000172273	HINFP	0.305033	0.013183	0.6497	0.063800129	-1319.98792	1
ENSG00000172339	ALG14	0.089508	0.0010873	0.30371	-0.167383744	-22.28957	1
ENSG00000172409	CLP1	0.429254	0.13393	2.3729	0.687516482	-31.81705	1
ENSG00000172410	INSL5	0.046096	0.14082	-0.013598	-0.66333706	-12.28435	0
ENSG00000172421	EFCAB3	0.035763	0.00073627	0.77776	-0.354665022	-1537.30339	0
ENSG00000172461	FUT9	0.375436	0.094805	2.1233	0.414313318	-12.10453	0
ENSG00000172489	OR5T3	0.048986	0.00048155	-0.98537	-0.194403121	-432.70741	0
ENSG00000172534	HCFC1	0.464962	0.99531	5.7922	2.904439972	-70.30656	1
ENSG00000172568	FNDC9	0.065388	0.0077089	0.11137	-1.428638915	-1317.46667	0
ENSG00000172757	CFL1	0.737002	0.43288	2.85	0.140332522	-25.72014	1
ENSG00000172774	OR1S1	0.02089	4.8684e-05	-1.7095	-1.249438744	-3340.27802	0
ENSG00000172867	KRT2	0.137161	0.0049473	-0.65528	-0.769852244	-2551.90953	0
ENSG00000172940	SLC22A13	0.048833	9.5468e-05	-0.063713	-0.110671968	-137.58966	0
ENSG00000173113	TRMT112	0.043853	0.12266	-0.93884	0.045517444	-6.74528	1
ENSG00000173250	GPR151	0.077142	3.8315e-08	0.10408	-1.463154003	-707.11601	0
ENSG00000173302	GPR148	0.055793	7.6788e-05	-0.10935	-0.940127997	-440.82205	0
ENSG00000173335	CST9	0.057701	0.0010046	-0.14916	-0.592572287	-973.5092	0
ENSG00000173389	IQCF1	0.050201	0.0011231	-0.23395	-0.789704099	-261.88841	0
ENSG00000173540	GMPPB	0.217161	5.0354e-07	0.93365	0.511472485	-48.18496	1
ENSG00000173598	NUDT4	0.54734	0.53217	2.0501	-0.371390341	-0.72963	1
ENSG00000173612	GPRC6A	0.048404	2.1704e-12	0.39057	-1.740640723	-5803.3068	0
ENSG00000173692	PSMD1	0.445242	0.92192	0.96025	0.881061225	-75.57454	1
ENSG00000173908	KRT28	0.071647	7.7023e-10	0.17319	-0.686438822	-1734.99101	0
ENSG00000174100	MRPL45	0.093675	0.0070453	0.35213	-0.703164397	-2160.94669	1
ENSG00000174231	PRPF8	0.735002	1	8.5483	5.026762136	-22.76309	1
ENSG00000174417	TRHR	0.248751	0.29827	1.0417	0.353394131	-23.76777	0
ENSG00000174437	ATP2A2	0.573832	0.53142	0.98669	1.781239167	-21.95162	1
ENSG00000174444	RPL4	0.350225	0.68316	0.76309	0.491166128	-47.4392	1
ENSG00000174942	OR5R1	0.046665	0.0005003	-0.71361	-1.959227211	-7769.63608	0
ENSG00000175054	ATR	0.43103	0.41393	4.8137	1.784538898	-836.25678	1
ENSG00000175065	DSG4	0.036644	5.4279e-13	-0.98142	-1.010445008	-578.83724	0
ENSG00000175077	RTP1	0.037917	7.8646e-06	-0.54531	-0.281721284	-2341.27335	0
ENSG00000175143	OR2T1	0.047774	8.1959e-10	-0.64755	-0.246258928	-302.9944	0
ENSG00000175216	CKAP5	0.391535	1	4.0013	2.54449154	-164.46097	1
ENSG00000175283	DOLK	0.220271	0.0010964	1.0269	0.501008418	-81.64791	1
ENSG00000175325	PROP1	0.080198	0.094012	0.34312	-0.748307903	-14.54926	0
ENSG00000175329	ISX	0.046613	3.068e-05	-0.417	-1.382704444	-1135.03292	0
ENSG00000175334	BANF1	0.503576	0.60117	0.62922	-0.004937353	-1.20345	1
ENSG00000175336	APOF	0.112521	0.15518	0.37337	-0.388562977	-780.95405	0
ENSG00000175485	OR52W1	0.146776	0.00062809	-0.42198	-0.226735611	-427.43055	0
ENSG00000175514	GPR152	0.081951	0.00035992	0.86561	0.035997922	-424.39381	0
ENSG00000175520	UBQLN3	0.070924	6.3146e-06	-0.43687	-1.450185083	-2379.80965	0
ENSG00000175535	PNLIP	0.090702	6.3742e-08	0.4589	0.310596629	-67.11451	0
ENSG00000176108	CHMP6	0.11581	0.95413	-0.48082	0.318716764	-450.98462	1
ENSG00000176136	MC5R	0.078448	0.003905	0.51062	0.300754474	-2353.40815	0
ENSG00000176177	ENTHD1	0.028871	3.8924e-07	0.34663	-0.29889731	-519.77845	0
ENSG00000176230	OR4K17	0.02542	0.0017124	-2.0108	-0.287652528	-4409.10844	0
ENSG00000176248	ANAPC2	0.343286	0.99993	2.4279	1.207099641	-72.57812	1
ENSG00000176261	ZBTB8OS	0.131406	0.90362	0.66746	-0.139581853	-14.67483	1
ENSG00000176302	FOXR1	0.11526	0.032068	0.52046	-0.430740315	-122.94463	0
ENSG00000176473	WDR25	0.072129	0.19171	0.83997	0.209850043	-325.26772	1
ENSG00000176547	OR4C3	0.042474	2.8377e-09	-1.9305	-2.616352775	-407.80638	0
ENSG00000176571	CNBD1	0.021313	1.2804e-08	-0.94161	-1.35707905	-419.68402	0
ENSG00000176742	OR51V1	0.054086	0.001797	-1.5357	-0.420112853	-1109.79708	0
ENSG00000176774	MAGEB18	0.122357	5.7068e-05	0.77831	0.082019605	-9.48328	0
ENSG00000176782	DEFB104A	0.023659	0.096852	0.48678	-0.298446753	-0.80248	0
ENSG00000176900	OR51T1	0.067005	1.8601e-05	-0.70342	0.070514776	-101.15146	0
ENSG00000176925	OR51F2	0.047334	4.9644e-07	-0.7365	-0.849055558	-535.49226	0
ENSG00000176937	OR52R1	0.168732	1.4908e-08	-0.091991	-1.044013349	-6851.12331	0
ENSG00000176988	FMR1NB	0.032691	0.093016	-0.2463	0.41647996	-324.6393	0
ENSG00000177143	CETN1	0.144058	0.21018	0.79684	0.062856836	-970.42874	0
ENSG00000177212	OR2T33	0.052162	0.44393	-0.37085	-1.632696268	-662.98621	0
ENSG00000177324	BEND2	0.152586	0.095438	0.74194	0.510227518	-177.40866	0
ENSG00000177468	OLIG3	0.20132	0.83216	-0.082698	0.158453138	-263.50017	0
ENSG00000177600	RPLP2	0.07919	0.64374	-0.88793	-0.296096766	-49.14713	1
ENSG00000177700	POLR2L	0.082838	0.00047434	0.27531	0.144081166	-2.77442	1
ENSG00000177889	UBE2N	0.678076	0.71041	2.6129	0.003341473	-1.2898	1
ENSG00000177971	IMP3	0.049643	1.214e-07	-0.72957	-0.071787024	-46.39739	1
ENSG00000178028	DMAP1	0.366012	0.003312	2.2911	0.429465889	-48.7075	1
ENSG00000178084	HTR3C	0.041898	2.6936e-10	-0.2965	-0.657853438	-4083.83082	0
ENSG00000178105	DDX10	0.101526	9.8897e-18	0.34827	0.172368523	-110.0097	1
ENSG00000178235	SLITRK1	0.319345	0.96618	0.4951	0.704233344	-41.72194	0
ENSG00000178358	OR2D3	0.041923	0.0090539	-0.34308	-1.117745995	-7683.58187	0
ENSG00000178394	HTR1A	0.229227	0.30261	0.66738	-0.007741526	-80.44881	0
ENSG00000178645	C10orf53	0.039939	0.0027631	0.61289	-0.47744967	-109.17356	0
ENSG00000178690	DYNAP	0.020984	0.0006153	-0.66947	-0.208777641	-55.04137	0
ENSG00000178804	H1FOO	0.039572	0.01226	0.46537	-0.369823472	-124.29836	0
ENSG00000178896	EXOSC4	0.163532	0.32537	0.58226	-0.076317513	-35.67323	1
ENSG00000178928	TPRX1	0.019303	0.015516	-0.2221	-0.583509394	-2120.83171	0
ENSG00000178952	TUFM	0.33883	0.0041677	1.2674	0.318093563	-38.69708	1
ENSG00000178999	AURKB	0.252488	0.004175	0.85603	-0.04163831	-105.891	1
ENSG00000179002	TAS1R2	0.040781	2.7817e-17	-0.48356	-0.814071724	-922.96578	0
ENSG00000179041	RRS1	0.073953	0.18263	0.31634	-0.599283886	-968.25079	1
ENSG00000179055	OR13D1	0.032587	0.0056291	-0.40554	-1.019174685	-1559.31454	0
ENSG00000179115	FARSA	0.324011	0.18918	0.81083	0.44305671	-151.78294	1
ENSG00000179142	CYP11B2	0.063081	9.5436e-19	-0.81841	-0.462908525	-295.69785	0
ENSG00000179709	NLRP8	0.113214	2.9514e-22	-0.87335	-0.968271756	-919.5136	0
ENSG00000179930	ZNF648	0.020526	1.0485e-12	0.27372	-1.04541185	-585.73098	0
ENSG00000179950	PUF60	0.497792	0.92467	4.6989	0.87793545	-8.28818	1
ENSG00000180083	WFDC11	0.024095	0.0028152	-0.5115	-0.329995606	-1.1661	0
ENSG00000180098	TRNAU1AP	0.26352	0.00024958	1.7652	0.414313318	-17.1905	1
ENSG00000180116	C12orf40	0.090803	1.951e-12	-0.41535	-0.532105995	-1095.22172	0
ENSG00000180198	RCC1	0.277089	0.18308	0.24612	0.74703147	-44.69525	1
ENSG00000180205	WFDC9	0.02371	0.0094108	0.30135	-0.354832425	-6.95658	0
ENSG00000180219	FAM71C	0.083044	0.17726	-0.38563	-0.682074585	-1515.20965	0
ENSG00000180269	GPR139	0.235336	0.035182	0.9589	0.143459104	-48.82937	0
ENSG00000180305	WFDC10A	0.038331	0.015138	-0.051354	-0.449648887	-25.50358	0
ENSG00000180424	DEFB123	0.098676	0.4192	0.30291	-0.04180098	-0.80248	0
ENSG00000180433	OR6K6	0.050826	0.0010099	-0.34387	-0.865614071	-6212.56709	0
ENSG00000180613	GSX2	0.225017	0.038992	0.76561	0.034272193	-43.48507	0
ENSG00000180817	PPA1	0.101878	0.00015125	0.95607	0.208125503	-15.17107	1
ENSG00000180934	OR56A1	0.090647	0.0006336	-0.33917	0.044896789	-110.34935	0
ENSG00000181023	OR56B1	0.06373	1.1314e-09	-0.82169	-0.98980454	-345.2485	0
ENSG00000181222	POLR2A	0.595121	0.83216	7.4457	4.986091008	-28.22828	1
ENSG00000181433	SAGE1	0.037872	2.2707e-09	-0.067917	-1.461173408	-132.88467	0
ENSG00000181718	OR5T2	0.017196	0.00038827	-2.0789	-0.596934843	-878.10876	0
ENSG00000181786	ACTL9	0.059583	0.0044729	0.22983	-0.61271028	-47.96843	0
ENSG00000181803	OR6S1	0.037836	0.024463	-1.0204	-0.774542828	-4876.76824	0
ENSG00000181938	GINS3	0.115595	7.1739e-05	0.49228	-0.287034906	-41.4762	1
ENSG00000181965	NEUROG1	0.067839	0.00023376	-0.77707	0.183289318	-56.26827	0
ENSG00000182187	CRYGB	0.062224	7.9964e-08	-0.54854	0.035054153	-76.8106	0
ENSG00000182271	TMIGD1	0.035692	3.5068e-06	-0.73816	-0.01383606	-40.18847	0
ENSG00000182334	OR5P3	0.079823	0.10396	-1.0468	-0.454010901	-277.07039	0
ENSG00000182348	ZNF804B	0.082194	9.2366e-18	-0.64856	-1.952753961	-2368.37941	0
ENSG00000182446	NPLOC4	0.473955	0.45528	0.8986	0.000537138	-9.35712	1
ENSG00000182591	KRTAP11-1	0.217142	0.0044445	0.72801	-0.221587221	-3007.85811	0
ENSG00000182611	HIST1H2AJ	0.123081	0.020748	0.11267	0.160638749	-5.10146	1
ENSG00000182631	RXFP3	0.052256	1.9124e-13	0.47711	0.101445114	-69.30431	0
ENSG00000182645	CCDC172	0.042501	0.00017655	0.21459	-0.142547456	-13.05764	0
ENSG00000182674	KCNB2	0.415496	0.99626	2.2789	1.225837033	-126.18709	0
ENSG00000182793	GSTA5	0.037475	1.7124e-11	-1.3375	-0.578978085	-72.17726	0
ENSG00000182816	KRTAP13-2	0.048783	1.3669e-05	-0.81774	-0.357013568	-1391.91764	0
ENSG00000182898	TCHHL1	0.015815	0.58962	-0.38991	-0.264840977	-840.61264	0
ENSG00000182899	RPL35A	0.582299	0.90623	1.4054	-0.078664516	-16.95178	1
ENSG00000182938	OTOP3	0.029426	2.9645e-11	-1.2024	-1.783599202	-433.78621	0
ENSG00000183207	RUVBL2	0.607791	0.98931	3.0939	0.94948047	-19.53697	1
ENSG00000183258	DDX41	0.433795	7.2723e-08	2.2398	1.571253795	-219.21549	1
ENSG00000183269	OR52E8	0.047864	0.31785	-1.2671	-1.038698017	-1046.46948	0
ENSG00000183303	OR5P2	0.042148	0.0039906	-1.7477	-0.803911423	-4691.49759	0
ENSG00000183313	OR52L1	0.106712	2.3733e-05	-0.38708	-1.488779088	-3616.46546	0
ENSG00000183389	OR56A4	0.030378	0.0088598	-0.42768	0.09082047	-975.32688	0
ENSG00000183431	SF3A3	0.643849	0.99999	3.8345	0.575360488	-6.01727	1
ENSG00000183513	COA5	0.183488	0.054092	0.4402	-0.35108473	-4.99352	1
ENSG00000183559	C10orf120	0.034568	0.0012666	-0.032257	-0.437453189	-406.89605	0
ENSG00000183607	GKN2	0.066406	0.00034146	-0.67305	-0.064290543	-443.53341	0
ENSG00000183638	RP1L1	0.006766	9.9824e-11	-10.063	-7.128650312	-19576.13196	0
ENSG00000183733	FIGLA	0.026978	0.002055	0.09218	-0.23064893	-11.44199	0
ENSG00000183751	TBL3	0.163234	7.7106e-11	-0.078501	-0.84641097	-1241.80468	1
ENSG00000183862	CNGA2	0.197105	0.0033361	0.022777	-0.92840356	-1456.93951	0
ENSG00000184108	TRIML1	0.036285	2.7188e-11	-0.499	0.027719267	-2068.55362	0
ENSG00000184148	SPRR4	0.031642	0.043836	-1.1092	-0.190037553	-771.02285	0
ENSG00000184166	OR1D2	0.12351	0.0010959	0.14446	-0.706128285	-2083.61947	0
ENSG00000184209	SNRNP35	0.19764	4.6739e-08	0.84571	0.493352543	-31.03063	1
ENSG00000184210	DGAT2L6	0.085696	2.2901e-11	-0.47993	0.429860547	-38.52298	0
ENSG00000184302	SIX6	0.30053	0.55354	0.83547	-0.113963029	-3353.41856	0
ENSG00000184330	S100A7A	0.021123	0.0027249	-1.2642	-0.92295919	-14.28165	0
ENSG00000184361	SPATA32	0.123507	4.0951e-09	0.59288	-0.3049924	-643.83669	0
ENSG00000184432	COPB2	0.348099	0.96674	0.95014	1.066956008	-73.10436	1
ENSG00000184459	BPIFC	0.048517	0.0003058	0.65551	-0.962617731	-1608.4105	0
ENSG00000184507	NUTM1	0.063909	0.0038675	0.43202	-0.264685335	-2356.45511	0
ENSG00000184571	PIWIL3	0.028433	1.6024e-29	0.034955	-2.613893249	-652.20821	0
ENSG00000184634	MED12	0.613311	0.93177	6.5809	2.986225144	-62.96611	1
ENSG00000184647	PRSS55	0.028514	2.4375e-11	-3.4489	-1.501426578	-1741.38701	0
ENSG00000184933	OR6A2	0.031407	0.13302	-1.178	-0.870145349	-239.6053	0
ENSG00000184967	NOC4L	0.017439	0.00012223	-0.79376	-2.077196983	-149.35551	1
ENSG00000185002	RFX6	0.309793	0.00059096	1.3632	-0.101611414	-405.9043	0
ENSG00000185069	KRT76	0.04797	2.8585e-14	-0.77896	-2.139700244	-5036.73118	0
ENSG00000185231	MC2R	0.202493	0.11694	0.43054	-0.029611344	-260.73178	0
ENSG00000185247	MAGEA11	0.357609	0.66237	0.83318	-0.000711989	-131.77761	0
ENSG00000185294	SPPL2C	0.109152	0.00015409	0.13689	-3.049208627	-1546.24838	0
ENSG00000185313	SCN10A	0.115381	2.9749e-39	-0.59595	-1.003300174	-1695.64989	0
ENSG00000185379	RAD51D	0.039499	0.0011055	0.063437	-0.481812836	-21.07912	1
ENSG00000185627	PSMD13	0.237837	0.99961	0.82106	-0.037107911	-53.7399	1
ENSG00000185651	UBE2L3	0.846472	0.74719	2.9604	-0.096004665	-4.15003	1
ENSG00000185792	NLRP9	0.101965	3.7583e-25	-0.69453	0.703795602	-299.47541	0
ENSG00000185873	TMPRSS11B	0.035096	5.6371e-18	-0.33826	-0.337324993	-46.40218	0
ENSG00000185888	PRSS38	0.024282	6.0059e-05	-0.048091	-1.302082986	-1792.01767	0
ENSG00000185960	SHOX	0.247609	0.66978	-0.63368	0.443241426	-12.63351	0
ENSG00000185985	SLITRK2	0.488981	0.044985	2.3907	1.818427053	-560.43202	0
ENSG00000186009	ATP4B	0.065815	4.3038e-05	0.23452	-0.29749618	-184.69806	0
ENSG00000186010	NDUFA13	0.030168	1.251e-07	-0.9519	-0.147078089	-33.76885	1
ENSG00000186038	HTR3E	0.023779	4.0554e-10	-0.52317	-1.370506663	-490.52097	0
ENSG00000186049	KRT73	0.098167	5.5699e-05	-0.0099872	-1.071654787	-1006.81614	0
ENSG00000186090	HTR3D	0.051143	2.6639e-05	0.76641	-1.233663097	-1802.49556	0
ENSG00000186141	POLR3C	0.137488	2.1774e-12	0.80894	0.035215861	-157.06069	1
ENSG00000186166	CCDC84	0.059331	1.0531e-12	0.14441	-0.343420875	-38.22504	1
ENSG00000186190	BPIFB3	0.040988	1.7344e-13	-0.28886	-1.275678158	-8881.73483	0
ENSG00000186334	SLC36A3	0.035336	0.0014217	-0.062054	-0.603649178	-811.88208	0
ENSG00000186393	KRT26	0.047968	4.2774e-14	-0.61133	-1.033383862	-2191.93566	0
ENSG00000186400	OR10X1	0.028876	0.00027868	-1.3195	-0.646608671	-681.57373	0
ENSG00000186452	TMPRSS12	0.028321	0.00037954	0.040454	-1.078701308	-785.25901	0
ENSG00000186468	RPS23	0.721303	0.23777	2.431	0.011620296	-0.90178	1
ENSG00000186474	KLK12	0.054445	0.0044364	-0.33489	-0.318584468	-291.08926	0
ENSG00000186579	DEFB106A	0.037796	0.0089099	0.76475	-0.203630366	-0.99212	0
ENSG00000186723	OR10H1	0.104176	6.2261e-05	-0.018769	-1.007931847	-2707.23222	0
ENSG00000186795	KCNK18	0.048054	0.0013834	-0.16755	-0.164254179	-146.92457	0
ENSG00000186860	KRTAP17-1	0.053259	0.60885	0.44433	-0.276574307	-2963.51846	0
ENSG00000186971	KRTAP13-4	0.043319	0.30821	-0.39081	-0.724254457	-78.28725	0
ENSG00000187003	ACTL7A	0.085096	3.5092e-07	0.16042	-0.067094239	-579.29773	0
ENSG00000187021	PNLIPRP1	0.056647	3.4354e-17	-0.087022	0.435559937	-2480.12036	0
ENSG00000187033	SAMD7	0.034533	8.7123e-07	0.10121	-0.122860767	-1131.34051	0
ENSG00000187054	TMPRSS11A	0.080166	2.7293e-14	0.53614	-0.646608671	-629.97615	0
ENSG00000187144	SPATA21	0.039885	7.728e-16	0.77966	-2.051722936	-1596.30935	0
ENSG00000187258	NPSR1	0.023119	4.9786e-08	-0.061726	-1.705473024	-5094.13552	0
ENSG00000187553	CYP26C1	0.046608	0.0015602	0.57755	-0.499936277	-548.74209	0
ENSG00000187714	SLC18A3	0.138408	0.4593	0.06671	0.427281143	-64.43617	0
ENSG00000187747	OR52B6	0.054894	0.0042001	-0.078311	-1.109466324	-210.58907	0
ENSG00000187754	SSX7	0.017887	3.0551e-06	-2.1651	-0.932914023	-401.83185	0
ENSG00000187766	KRTAP10-8	0.044254	4.2457e-05	-0.55375	-1.138837304	-209.1789	0
ENSG00000187871	GFRAL	0.041398	5.5762e-10	-0.60737	-0.420112853	-2734.70659	0
ENSG00000187969	ZCCHC13	0.067884	0.0016009	0.61552	-0.420399021	-168.3234	0
ENSG00000188056	TREML4	0.023635	5.564e-10	-0.41122	-0.505250685	-173.3537	0
ENSG00000188089	PLA2G4E	0.121163	1.1807e-10	0.91882	-0.495242023	-1519.70123	0
ENSG00000188155	KRTAP10-6	0.019403	1.6706e-09	-1.4002	-1.432386272	-6418.15237	0
ENSG00000188386	PPP3R2	0.079062	0.0010914	-0.067381	-0.555708467	-29.43246	0
ENSG00000188425	NANOS2	0.142736	0.048089	0.38838	0.107999068	-11.49546	0
ENSG00000188581	KRTAP1-1	0.135928	6.9914e-06	0.096159	-1.174312203	-1043.32111	0
ENSG00000188655	RNASE9	0.020378	0.32448	-0.07775	-1.123847322	-249.33593	0
ENSG00000188782	CATSPER4	0.20436	1.8005e-11	0.55331	-1.235061133	-2303.92204	0
ENSG00000188784	PLA2G2E	0.096802	0.00018255	0.23198	-0.494007668	-304.59362	0
ENSG00000188846	RPL14	0.139972	0.85561	0.64309	-1.034341199	-380.83848	1
ENSG00000188986	NELFB	0.27731	0.0036662	1.761	1.120381918	-55.98028	1
ENSG00000189091	SF3B3	0.66919	0.54582	0.76743	1.898747625	-3037.56808	1
ENSG00000189169	KRTAP10-12	0.030488	0.011233	-1.1466	-0.896551105	-2557.27101	0
ENSG00000189182	KRT77	0.042022	2.6505e-10	-0.5462	-0.820307679	-4908.5509	0
ENSG00000189401	OTUD6A	0.306607	0.29191	1.8862	-0.441062828	-11.44776	0
ENSG00000196119	OR8A1	0.065001	0.0053027	0.018294	-0.161288255	-3304.70284	0
ENSG00000196166	C8orf86	0.034764	0.072441	-0.062621	-0.546645626	-497.3274	0
ENSG00000196184	OR10J1	0.06223	8.1703e-07	-1.8716	-0.885920716	-1835.21965	0
ENSG00000196235	SUPT5H	0.546927	0.4057	0.98867	2.70811078	-80.77096	1
ENSG00000196240	OR2T2	0.037421	0.18219	-0.73135	-0.88313286	-50.05023	0
ENSG00000196242	OR2C3	0.088571	0.0057199	0.015077	-0.853586796	-599.30859	0
ENSG00000196248	OR10S1	0.037877	5.8421e-05	-0.31222	-0.441201236	-3679.90391	0
ENSG00000196305	IARS	0.191805	9.9691e-20	0.56792	1.1840271	-1316.65812	1
ENSG00000196344	ADH7	0.038514	6.5357e-09	0.073832	-0.225953285	-320.99818	0
ENSG00000196365	LONP1	0.184021	0.99855	0.73277	-0.040372073	-621.42676	1
ENSG00000196367	TRRAP	0.499894	1	8.5485	8.548785297	-221.99559	1
ENSG00000196419	XRCC6	0.485405	0.96533	3.1149	1.072109337	-11.46152	1
ENSG00000196449	YRDC	0.142031	0.0020514	0.15074	0.124556572	-33.31468	1
ENSG00000196475	GK2	0.161525	6.9876e-10	0.061684	-0.377154292	-81.69796	0
ENSG00000196600	SLC22A25	0.044849	2.2837e-10	-0.88779	-0.226573514	-3665.45091	0
ENSG00000196767	POU3F4	0.582186	0.55886	1.8995	-0.078523485	-11.43093	0
ENSG00000196800	SPINK14	0.158002	0.51841	0.084625	-0.256268643	-5.4089	0
ENSG00000196943	NOP9	0.086743	0.096965	0.44088	-0.766103084	-1963.61001	1
ENSG00000196944	OR2T4	0.096775	0.20015	-0.69194	-2.702332391	-14058.26037	0
ENSG00000197079	KRT35	0.052274	4.7437e-05	-0.42485	-1.399096041	-1949.21087	0
ENSG00000197123	ZNF679	0.018046	0.13308	-1.2319	-0.885920716	-2627.76478	0
ENSG00000197170	PSMD12	0.351638	0.99989	1.9859	0.47679488	-22.17927	1
ENSG00000197241	SLC2A7	0.040426	8.5466e-20	-0.039222	-0.899350482	-924.8755	0
ENSG00000197273	GUCA2A	0.052744	0.26622	-1.1296	-0.539934389	-2662.47848	0
ENSG00000197428	OR51D1	0.039025	0.0044651	-1.1602	-0.762515596	-433.90945	0
ENSG00000197430	OPALIN	0.090802	0.00084147	0.57291	-0.605382985	-70.31485	0
ENSG00000197498	RPF2	0.134477	0.048428	0.71926	-0.376536168	-339.23234	1
ENSG00000197683	KRTAP26-1	0.08096	0.14172	0.24351	-0.554924641	-1234.582	0
ENSG00000197756	RPL37A	0.309456	0.0027903	0.74321	-0.012434057	-4.13006	1
ENSG00000197838	CYP2A13	0.025358	7.9805e-07	-1.7093	-1.542828283	-1363.98033	0
ENSG00000197887	OR1S2	0.033286	6.9636e-06	-1.3946	-0.985273067	-1060.46079	0
ENSG00000197891	SLC22A12	0.069548	5.472e-07	0.533	-0.004613297	-97.64363	0
ENSG00000197901	SLC22A6	0.112107	3.5422e-06	0.64705	0.023188909	-145.00298	0
ENSG00000197958	RPL12	0.238182	0.024423	0.95317	0.086911311	-8.46195	1
ENSG00000198042	MAK16	0.208175	0.96786	0.60927	0.155486273	-391.2138	1
ENSG00000198056	PRIM1	0.261662	0.52116	2.1562	-0.55945604	-1513.73456	1
ENSG00000198062	POTEH	0.016754	2.5215e-09	0.506	-0.784564755	-531.82086	0
ENSG00000198092	TMPRSS11F	0.109945	1.1011e-09	0.4633	-0.704561889	-2164.37752	0
ENSG00000198183	BPIFA1	0.05092	9.3023e-09	-0.41836	0.250300612	-18.05735	0
ENSG00000198258	UBL5	0.435774	0.16597	1.2651	-0.099752834	-1.20345	1
ENSG00000198301	SDAD1	0.099862	1.9137e-20	-0.019684	-0.222043288	-3455.42024	1
ENSG00000198398	TMEM207	0.031026	4.7722e-10	-0.40547	-0.873282291	-538.60636	0
ENSG00000198445	CCT8L2	0.103123	2.3229e-06	-0.0030928	-1.353946608	-163.41963	0
ENSG00000198471	RTP2	0.025266	5.9307e-06	-1.1299	0.105814085	-3613.00534	0
ENSG00000198488	B3GNT6	0.026142	1.2257e-08	-0.2862	-1.168208756	-3333.98191	0
ENSG00000198730	CTR9	0.554518	0.91868	4.4293	1.238649126	-77.48955	1
ENSG00000198755	RPL10A	0.35392	0.85521	2.0836	0.355580841	-2.4123	1
ENSG00000198798	MAGEB3	0.302486	0.44171	0.6532	-0.684423639	-11.36417	0
ENSG00000198812	LRRC10	0.092983	0.42441	0.38799	-0.124425233	-79.35227	0
ENSG00000198900	TOP1	0.594346	1	4.6106	0.819981336	-57.44961	1
ENSG00000198965	OR10R2	0.042702	0.00029715	-0.65079	-1.348014864	-10099.65241	0
ENSG00000203730	TEDDM1	0.060557	0.0018029	-0.28541	0.117841243	-16.86559	0
ENSG00000203737	GPR52	0.285271	0.011424	0.83699	-0.055229595	-47.47437	0
ENSG00000203908	KHDC3L	0.027704	0.11451	0.13989	-0.154574347	-522.85498	0
ENSG00000203910	C1orf146	0.058275	0.00018764	0.39341	-0.164418271	-69.04862	0
ENSG00000203933	CXorf66	0.076637	0.028714	0.26456	-0.422755172	-4.19169	0
ENSG00000204007	GLT6D1	0.022959	0.11366	-0.80605	-1.15461275	-3212.14932	0
ENSG00000204010	IFIT1B	0.03969	3.6627e-05	-0.18191	-1.173354224	-264.85487	0
ENSG00000204033	LRIT2	0.023455	7.7867e-11	-1.7615	-0.560691271	-2335.0259	0
ENSG00000204070	SYS1	0.229335	0.52029	0.7067	0.165168851	-23.14639	1
ENSG00000204193	TXNDC8	0.024545	0.38231	-0.71114	-0.506818149	-1277.26865	0
ENSG00000204195	AWAT1	0.127513	0.00025099	0.19205	-0.012857777	-87.57293	0
ENSG00000204246	OR13C3	0.106097	7.8081e-07	-0.51359	-0.523207207	-1081.21243	0
ENSG00000204300	TMEM225	0.035626	0.02187	0.34704	-0.694885237	-45.87247	0
ENSG00000204316	MRPL38	0.064637	5.047e-06	0.35725	-1.178668416	-483.612	1
ENSG00000204394	VARS	0.269183	0.031811	2.7865	0.36670094	-6080.40418	1
ENSG00000204574	ABCF1	0.341583	0.17805	0.94284	-0.238600683	-246.17443	1
ENSG00000204612	FOXB2	0.079262	6.7575e-05	0.51054	0.003503393	-70.49669	0
ENSG00000204614	TRIM40	0.054352	1.0643e-13	0.16539	-0.661768703	-1046.03919	0
ENSG00000204640	NMS	0.038773	1.3313e-10	-0.032227	-0.506034292	-1820.09065	0
ENSG00000204671	IL31	0.072721	0.012606	0.7649	0.285601664	-2.27422	0
ENSG00000204683	C10orf113	0.030051	0.0002792	-0.80878	-0.955292083	-2590.75554	0
ENSG00000204704	OR2W1	0.053775	0.046642	0.2521	-0.071787024	-3001.9101	0
ENSG00000204822	MRPL53	0.038113	0.46158	-0.63166	-0.176445146	-103.35035	1
ENSG00000204889	KRT40	0.045003	1.6856e-08	-0.3774	-1.895155558	-18636.39691	0
ENSG00000204897	KRT25	0.104389	4.3318e-09	0.12673	-0.447915069	-2065.19279	0
ENSG00000204979	MS4A13	0.04716	0.14604	0.045121	-0.28407002	-58.72726	0
ENSG00000205126	ACCSL	0.048351	1.1727e-17	0.29936	-0.09942687	-72.53949	0
ENSG00000205359	SLCO6A1	0.046766	1.121e-07	0.53978	-1.108522262	-1303.68976	0
ENSG00000205445	KRTAP10-2	0.039738	0.36243	-0.96531	-0.928884518	-2694.09373	0
ENSG00000205867	KRTAP5-2	0.064145	0.0092405	-0.58253	-0.221587221	-555.12431	0
ENSG00000206150	RNASE13	0.041975	0.3203	-0.2704	-0.650526106	-80.71587	0
ENSG00000206203	TSSK2	0.207718	0.0046112	0.78329	-0.337324993	-2038.24483	0
ENSG00000206531	CD200R1L	0.024653	0.0081011	-0.4225	-0.48790947	-1673.4278	0
ENSG00000211456	SACM1L	0.262882	0.0019966	0.38323	0.421187109	-29.43851	1
ENSG00000212122	TSSK1B	0.189889	0.00015299	-0.42663	-0.381684747	-198.63428	0
ENSG00000212900	KRTAP3-2	0.057427	0.50942	-0.5309	-0.597888184	-3899.92964	0
ENSG00000213215	OR2F1	0.042942	1.4951e-05	-0.29936	-0.767830146	-2219.19719	0
ENSG00000213265	TSGA13	0.019503	4.8475e-09	0.072433	-0.05069915	-54.5782	0
ENSG00000213416	KRTAP4-12	0.061637	0.21205	-0.86791	-0.889056242	-161.45954	0
ENSG00000213465	ARL2	0.301358	0.055111	1.1287	-0.085378563	-3879.18797	1
ENSG00000213512	GBP7	0.037617	2.0245e-13	-0.1927	-0.91137872	-505.52099	0
ENSG00000213551	DNAJC9	0.063457	0.0047476	0.23385	-0.028209476	-57.66511	1
ENSG00000213780	GTF2H4	0.072641	0.019225	0.78754	0.553648247	-49.60165	1
ENSG00000213782	DDX47	0.177004	5.9975e-06	0.47041	-0.006959463	-66.67569	1
ENSG00000214929	SPATA31D1	0.005582	0.021725	-5.2129	-0.776832534	-574.19627	0
ENSG00000215021	PHB2	0.392884	0.728	0.71908	0.2615466	-38.54782	1
ENSG00000215454	KRTAP10-4	0.019084	9.0683e-13	-1.2111	-1.452694527	-4315.36021	0
ENSG00000215455	KRTAP10-1	0.030074	0.00018837	-1.2692	-2.56978738	-238.187	0
ENSG00000215853	RPTN	0.152695	2.6372e-05	-0.095007	-1.535959189	-382.87927	0
ENSG00000219073	CELA3B	0.042261	8.6454e-11	-0.72737	-1.864382271	-690.96911	0
ENSG00000221837	KRTAP10-9	0.028357	2.0827e-05	-1.6449	-1.866562391	-2027.16137	0
ENSG00000221855	TAS2R41	0.043277	1.9139e-12	-0.034656	-0.174097518	-1395.26359	0
ENSG00000221859	KRTAP10-10	0.034092	0.0048106	-1.1675	-1.719853973	-11624.88241	0
ENSG00000221882	OR3A2	0.053156	0.00024219	-0.61491	-1.116353041	-1951.498	0
ENSG00000221937	TAS2R40	0.134346	0.029352	0.36503	-0.273442505	-575.47408	0
ENSG00000221983	UBA52	0.552637	0.63946	1.8687	0.069571985	-151.51995	1
ENSG00000226288	OR52I2	0.256989	0.42615	-0.67596	-1.201328153	-4462.09614	0
ENSG00000230657	PRB4	0.014941	5.006e-07	-3.0035	-1.059788622	-885.28057	0
ENSG00000231500	RPS18	0.756329	0.85817	2.8146	0.019899116	-1.20345	1
ENSG00000235718	MFRP	0.019167	2.2528e-15	-1.5856	0.443221077	-1049.17527	0
ENSG00000236398	TAS2R39	0.063865	1.2862e-07	0.20524	0.028339433	-67.94381	0
ENSG00000239306	RBM14	0.234796	0.79141	2.3184	1.216773211	-53.61813	1
ENSG00000239886	KRTAP9-2	0.028736	0.0052189	-0.65341	-0.503854849	-271.89991	0
ENSG00000239900	ADSL	0.261612	0.46705	0.96703	0.310596629	-198.40828	1
ENSG00000240432	KRTAP13-3	0.027649	0.089036	-0.67932	-0.10193609	-6.26023	0
ENSG00000240871	KRTAP4-7	0.038274	0.00017586	-0.7251	-1.199152107	-3093.65412	0
ENSG00000241123	KRTAP10-5	0.022943	0.0006198	-1.5482	-1.261466718	-4100.88283	0
ENSG00000241370	RPP21	0.066188	0.00034591	0.56621	-0.362327893	-382.25131	1
ENSG00000241945	PWP2	0.105823	3.3458e-05	0.64695	-0.994662321	-373.23568	1
ENSG00000242372	EIF6	0.239219	0.35594	0.80604	-0.022114763	-44.89079	1
ENSG00000243073	PRAMEF4	0.008437	1.1555e-09	-3.5089	-1.920178985	-1356.98129	0
ENSG00000243667	WDR92	0.168973	0.14765	0.88475	0.110344344	-1268.45257	1
ENSG00000243729	OR5V1	0.025212	0.0138	0.25867	-0.281721284	-3259.42879	0
ENSG00000244038	DDOST	0.175901	0.00065742	0.94019	0.528811667	-96.64121	1
ENSG00000244537	KRTAP4-2	0.103834	0.011601	-0.13895	-0.4405861	-27.83148	0
ENSG00000247626	MARS2	0.093857	6.6082e-05	0.44631	0.411505766	-108.54012	1
ENSG00000249115	HAUS5	0.109798	0.0050169	0.98376	-1.283176424	-792.04822	1
ENSG00000251655	PRB1	0.018077	3.5004e-11	-3.8866	-1.293979894	-318.00442	0
ENSG00000254647	INS	0.289456	0.32055	0.97765	0.024429508	-2.77679	0
ENSG00000255012	OR5M1	0.060683	0.0018668	-0.95082	-0.895766972	-5674.60384	0
ENSG00000255307	OR52B2	0.148712	1.6507e-08	-0.84845	-1.555023096	-579.93852	0
ENSG00000256394	ASIC5	0.051258	6.7451e-13	-0.33823	-0.186743878	-95.96988	0
ENSG00000256646	PSMA2	0.569921	0.7423	2.3213	0.351051027	-2.40691	1
ENSG00000257365	FNTB	0.37002	0.011012	1.9879	0.354957032	-9.65839	1
ENSG00000258417	OC90	0.017178	6.0679e-11	-0.97839	-1.061188702	-2254.92856	0
ENSG00000258873	DUXA	0.035568	3.935e-08	-0.017233	-0.130520552	-20.69426	0
ENSG00000259494	MRPL46	0.104379	9.8392e-08	-0.62961	-0.272659895	-491.98042	1
ENSG00000260903	XKR7	0.241569	0.91749	1.6899	0.594261163	-645.89854	0
ENSG00000269741	KLK9	0.042369	4.0606e-06	0.099284	-0.071787024	-31.36317	0
