chr	start	end	ref	alt	disease_gene_type	UNEECON_score
chr1	8031016	8031017	T	C	Recessive	0.328019
chr1	11087105	11087106	T	C	Recessive	0.053074
chr1	11087407	11087408	T	A	Recessive	0.146389
chr1	11087408	11087409	C	A	Recessive	0.184142
chr1	11087555	11087556	G	A	Recessive	0.104290
chr1	19204104	19204105	C	G	Recessive	0.157265
chr1	21553676	21553677	C	G	Dominant	0.729706
chr1	21553677	21553678	T	A	Dominant	0.781808
chr1	24130969	24130970	A	G	Recessive	0.484500
chr1	40539786	40539787	A	C	Recessive	0.406480
chr1	40539787	40539788	T	A	Recessive	0.438691
chr1	40539787	40539788	T	C	Recessive	0.282684
chr1	40758167	40758168	G	C	Recessive	0.446272
chr1	40758168	40758169	A	G	Recessive	0.425665
chr1	40758169	40758170	T	G	Recessive	0.393183
chr1	53676459	53676460	C	G	Recessive	0.290746
chr1	53676461	53676462	C	A	Recessive	0.247406
chr1	97839162	97839163	C	G	Recessive	0.336836
chr1	120277980	120277981	G	C	Recessive	0.477120
chr1	120300010	120300011	G	A	Recessive	0.537335
chr1	120306957	120306958	C	A	Recessive	0.399896
chr1	120306959	120306960	C	T	Recessive	0.417484
chr1	150771707	150771708	G	C	Recessive	0.691945
chr1	150776699	150776700	A	C	Recessive	0.596577
chr1	154561871	154561872	T	C	Dominant	0.833857
chr1	154561871	154561872	T	G	Dominant	0.824945
chr1	155206122	155206123	C	G	Recessive	0.582023
chr1	155206123	155206124	T	C	Recessive	0.606432
chr1	155206124	155206125	C	G	Recessive	0.538938
chr1	156811955	156811956	A	C	Recessive	0.375404
chr1	156811956	156811957	T	G	Recessive	0.557881
chr1	156811957	156811958	C	T	Recessive	0.489712
chr1	156849056	156849057	A	T	Recessive	0.762984
chr1	162746005	162746006	A	C	Recessive	0.822786
chr1	162746005	162746006	A	T	Recessive	0.853138
chr1	198711150	198711151	T	G	Recessive	0.520755
chr1	198711151	198711152	G	T	Recessive	0.631025
chr1	204125390	204125391	T	A	Recessive	0.651359
chr1	204125391	204125392	C	T	Recessive	0.560683
chr1	204130481	204130482	T	C	Recessive	0.665047
chr1	204130482	204130483	C	G	Recessive	0.670795
chr1	214537927	214537928	C	A	Recessive	0.674455
chr1	227077735	227077736	A	T	Dominant	0.409951
chr1	227172311	227172312	G	T	Recessive	0.275721
chr10	26286126	26286127	G	T	Recessive	0.405797
chr10	26286127	26286128	A	T	Recessive	0.363901
chr10	50856594	50856595	C	G	Recessive	0.461342
chr10	50856594	50856595	C	T	Recessive	0.461965
chr10	50856595	50856596	A	T	Recessive	0.470659
chr10	75234719	75234720	A	C	Recessive	0.814182
chr10	75234720	75234721	T	C	Recessive	0.854309
chr10	75234720	75234721	T	G	Recessive	0.885446
chr10	88679143	88679144	G	T	Dominant	0.817943
chr10	88679143	88679144	G	T	HI	0.817943
chr10	88679144	88679145	A	C	Dominant	0.801540
chr10	88679144	88679145	A	C	HI	0.801540
chr10	89692885	89692886	T	A	Dominant	0.951378
chr10	89692885	89692886	T	A	HI	0.951378
chr10	90974663	90974664	T	G	Recessive	0.274409
chr10	90974664	90974665	G	T	Recessive	0.383034
chr10	95400260	95400261	C	G	Recessive	0.480470
chr10	95400261	95400262	A	C	Recessive	0.465437
chr10	96025652	96025653	C	G	Recessive	0.633458
chr10	96028758	96028759	A	G	Recessive	0.489393
chr10	118313283	118313284	A	G	Recessive	0.152941
chr10	118315538	118315539	A	G	Recessive	0.282243
chr10	124813222	124813223	A	C	Recessive	0.146879
chr11	760215	760216	A	C	Recessive	0.382163
chr11	819856	819857	T	A	Recessive	0.282964
chr11	819856	819857	T	C	Recessive	0.390650
chr11	819856	819857	T	G	Recessive	0.356611
chr11	822406	822407	A	C	Recessive	0.511589
chr11	1775312	1775313	C	G	Recessive	0.779461
chr11	1780806	1780807	G	C	Recessive	0.807598
chr11	1780808	1780809	C	A	Recessive	0.805853
chr11	6636221	6636222	C	T	Recessive	0.311826
chr11	6636403	6636404	A	C	Recessive	0.436093
chr11	6637950	6637951	T	A	Recessive	0.464623
chr11	6637963	6637964	C	T	Recessive	0.348456
chr11	6638973	6638974	A	G	Recessive	0.233122
chr11	6638974	6638975	G	T	Recessive	0.090980
chr11	6638975	6638976	A	T	Recessive	0.002367
chr11	6638987	6638988	C	G	Recessive	0.051301
chr11	18424545	18424546	A	T	Recessive	0.691329
chr11	34470896	34470897	T	A	Dominant	0.253367
chr11	44255739	44255740	G	T	Dominant	0.467709
chr11	44255739	44255740	G	T	HI	0.467709
chr11	44255741	44255742	T	G	Dominant	0.329677
chr11	44255741	44255742	T	G	HI	0.329677
chr11	46749631	46749632	A	T	Dominant	0.714688
chr11	46749632	46749633	C	A	Dominant	0.672536
chr11	46750299	46750300	A	T	Dominant	0.769806
chr11	88027351	88027352	T	A	Recessive	0.270176
chr11	88027351	88027352	T	C	Recessive	0.202583
chr11	88029417	88029418	A	G	Recessive	0.369704
chr11	88029417	88029418	A	T	Recessive	0.253933
chr11	95578252	95578253	C	A	Recessive	0.612193
chr11	95578252	95578253	C	T	Recessive	0.627814
chr11	108005909	108005910	T	G	Recessive	0.513272
chr11	108017076	108017077	A	C	Recessive	0.603890
chr11	108018069	108018070	T	A	Recessive	0.435050
chr11	111933172	111933173	C	G	Recessive	0.380928
chr11	111933174	111933175	C	G	Recessive	0.389367
chr11	112099359	112099360	T	C	Recessive	0.233510
chr11	112099360	112099361	G	C	Recessive	0.262608
chr11	112103910	112103911	A	C	Recessive	0.217516
chr11	117984108	117984109	A	C	Recessive	0.211822
chr11	117984109	117984110	C	G	Recessive	0.279748
chr11	117988025	117988026	A	T	Recessive	0.206025
chr11	130079562	130079563	T	A	Recessive	0.549516
chr11	130079563	130079564	C	A	Recessive	0.702256
chr11	134132514	134132515	A	C	Recessive	0.144169
chr12	6978309	6978310	A	G	Dominant	0.499498
chr12	6978890	6978891	A	G	Dominant	0.575938
chr12	6978890	6978891	A	T	Dominant	0.594967
chr12	7177472	7177473	G	A	Recessive	0.560676
chr12	7177781	7177782	A	G	Recessive	0.391425
chr12	7177782	7177783	G	T	Recessive	0.603326
chr12	8758063	8758064	T	G	Recessive	0.453452
chr12	48527165	48527166	G	A	Recessive	0.664169
chr12	56115684	56115685	T	G	Recessive	0.438518
chr12	65141678	65141679	C	T	Recessive	0.727038
chr12	65856995	65856996	G	T	Recessive	0.616316
chr12	69743907	69743908	G	C	Dominant	0.629201
chr12	69743962	69743963	A	G	Dominant	0.491515
chr12	109539731	109539732	A	C	Recessive	0.229320
chr12	110023908	110023909	G	A	Recessive	0.385797
chr12	121177186	121177187	A	C	Recessive	0.177153
chr12	132416851	132416852	G	C	Recessive	0.601136
chr12	132416853	132416854	C	A	Recessive	0.574421
chr13	52518407	52518408	T	A	Recessive	0.256954
chr13	52518407	52518408	T	G	Recessive	0.252924
chr13	113771862	113771863	A	G	Recessive	0.255672
chr13	113772824	113772825	G	A	Recessive	0.284554
chr13	113801770	113801771	C	G	Recessive	0.592279
chr13	113801772	113801773	C	G	Recessive	0.635131
chr13	113803328	113803329	A	G	Recessive	0.663557
chr14	21162136	21162137	C	G	Dominant	0.520958
chr14	24727586	24727587	G	C	Recessive	0.423833
chr14	24728309	24728310	C	G	Recessive	0.261664
chr14	73664739	73664740	T	A	Dominant	0.655030
chr14	73664739	73664740	T	A	Recessive	0.655030
chr14	73683857	73683858	A	G	Dominant	0.819057
chr14	73683857	73683858	A	G	Recessive	0.819057
chr14	73683858	73683859	T	G	Dominant	0.795412
chr14	73683858	73683859	T	G	Recessive	0.795412
chr14	74534174	74534175	C	A	Recessive	0.470500
chr14	88434765	88434766	T	C	Recessive	0.323691
chr14	88434765	88434766	T	G	Recessive	0.318357
chr14	88434766	88434767	C	T	Recessive	0.286758
chr14	88448574	88448575	T	A	Recessive	0.196141
chr14	90442155	90442156	A	T	Recessive	0.323527
chr14	92559624	92559625	A	T	Dominant	0.818020
chr14	92563163	92563164	C	T	Dominant	0.594309
chr14	92563164	92563165	A	C	Dominant	0.480358
chr14	92563166	92563167	A	G	Dominant	0.711997
chr15	25584380	25584381	A	G	Dominant	0.934198
chr15	25584380	25584381	A	G	HI	0.934198
chr15	25584381	25584382	A	G	Dominant	0.904655
chr15	25584381	25584382	A	G	HI	0.904655
chr15	25584383	25584384	C	G	Dominant	0.961940
chr15	25584383	25584384	C	G	HI	0.961940
chr15	25584383	25584384	C	T	Dominant	0.963222
chr15	25584383	25584384	C	T	HI	0.963222
chr15	40707149	40707150	G	C	Recessive	0.399024
chr15	42678369	42678370	T	A	Recessive	0.346942
chr15	42684891	42684892	A	C	Recessive	0.342008
chr15	42686495	42686496	A	G	Recessive	0.220369
chr15	43122144	43122145	G	C	Dominant	0.712582
chr15	43544985	43544986	C	A	Recessive	0.193146
chr15	45654357	45654358	G	C	Recessive	0.793156
chr15	45658312	45658313	A	C	Recessive	0.774059
chr15	45658312	45658313	A	T	Recessive	0.773527
chr15	45658621	45658622	C	G	Recessive	0.715874
chr15	58834777	58834778	A	T	Dominant	0.263704
chr15	58837945	58837946	G	C	Dominant	0.318693
chr15	63638732	63638733	A	T	Dominant	0.239910
chr15	63673900	63673901	G	T	Dominant	0.016602
chr15	66737044	66737045	G	A	Dominant	0.791328
chr15	72641438	72641439	C	T	Recessive	0.330640
chr15	100739534	100739535	T	A	Recessive	0.428399
chr16	3107072	3107073	A	T	Recessive	0.201999
chr16	8891774	8891775	C	G	Recessive	0.326229
chr16	8891780	8891781	T	A	Recessive	0.313349
chr16	30080647	30080648	G	C	Recessive	0.611535
chr16	30080648	30080649	A	G	Recessive	0.549089
chr16	30080883	30080884	A	G	Recessive	0.330907
chr16	46761155	46761156	C	T	Dominant	0.330536
chr16	55525742	55525743	A	C	Recessive	0.625146
chr16	55840289	55840290	G	A	Dominant	0.125731
chr16	67470180	67470181	T	A	Recessive	0.714566
chr16	88904171	88904172	G	C	Recessive	0.308355
chr17	4858554	4858555	A	T	Recessive	0.077179
chr17	4859398	4859399	A	T	Recessive	0.249369
chr17	19559828	19559829	C	A	Recessive	0.199264
chr17	19561100	19561101	A	G	Recessive	0.004398
chr17	40936123	40936124	G	A	Dominant	0.496440
chr17	40936123	40936124	G	T	Dominant	0.610505
chr17	40936125	40936126	C	A	Dominant	0.288069
chr17	40936125	40936126	C	G	Dominant	0.290428
chr17	41059554	41059555	A	T	Recessive	0.237025
chr17	41061398	41061399	C	G	Recessive	0.174001
chr17	41061399	41061400	A	T	Recessive	0.171911
chr17	41061400	41061401	T	G	Recessive	0.081060
chr17	42152062	42152063	A	G	Recessive	0.648940
chr17	42152419	42152420	A	C	Recessive	0.693942
chr17	56272426	56272427	C	A	Recessive	0.086144
chr17	56272427	56272428	A	T	Recessive	0.106750
chr17	61570848	61570849	G	A	Recessive	0.158036
chr17	61570850	61570851	A	T	Recessive	0.133343
chr17	78084749	78084750	A	G	Recessive	0.239199
chr17	78190871	78190872	A	G	Recessive	0.415082
chr17	79994422	79994423	A	C	Recessive	0.469717
chr18	670719	670720	C	G	Dominant	0.839825
chr18	12344185	12344186	T	C	Dominant	0.816904
chr19	853016	853017	A	C	Recessive	0.594199
chr19	853387	853388	C	A	Recessive	0.540988
chr19	863097	863098	T	A	Dominant	0.100833
chr19	863133	863134	G	A	Dominant	0.200232
chr19	863134	863135	G	C	Dominant	0.041695
chr19	863134	863135	G	T	Dominant	0.236883
chr19	4101139	4101140	A	C	Dominant	0.751182
chr19	7122677	7122678	T	G	Recessive	0.888136
chr19	7122678	7122679	C	A	Recessive	0.896106
chr19	10463733	10463734	T	G	Recessive	0.622897
chr19	13008674	13008675	A	T	Recessive	0.505859
chr19	34887309	34887310	T	A	Dominant	0.567180
chr19	40743883	40743884	C	G	Dominant	0.843522
chr19	54697046	54697047	C	G	Recessive	0.546252
chr19	54697047	54697048	A	C	Recessive	0.526294
chr19	57744888	57744889	A	G	Recessive	0.484598
chr2	1459951	1459952	C	A	Recessive	0.295111
chr2	74757829	74757830	A	G	Dominant	0.702451
chr2	74757920	74757921	C	G	Dominant	0.852218
chr2	74758474	74758475	T	C	Dominant	0.846885
chr2	74758474	74758475	T	G	Dominant	0.737223
chr2	88874189	88874190	G	T	Recessive	0.669772
chr2	128186030	128186031	G	A	Dominant	0.438411
chr2	178592436	178592437	G	C	Dominant	0.246799
chr2	178592437	178592438	T	A	Dominant	0.267830
chr2	178592438	178592439	G	C	Dominant	0.312552
chr2	179399524	179399525	G	T	Dominant	0.046848
chr2	179399524	179399525	G	T	Recessive	0.046848
chr2	179399525	179399526	T	C	Dominant	0.093357
chr2	179399525	179399526	T	C	Recessive	0.093357
chr2	179399525	179399526	T	G	Dominant	0.097747
chr2	179399525	179399526	T	G	Recessive	0.097747
chr2	202074070	202074071	T	G	Dominant	0.233676
chr2	202149686	202149687	T	A	Recessive	0.791740
chr2	202149686	202149687	T	G	Recessive	0.789004
chr2	203395546	203395547	A	C	Dominant	0.818745
chr2	203395546	203395547	A	C	HI	0.818745
chr2	203395547	203395548	T	G	Dominant	0.713501
chr2	203395547	203395548	T	G	HI	0.713501
chr2	240009275	240009276	T	G	Dominant	0.894302
chr20	8665707	8665708	A	G	Recessive	0.726614
chr20	8678394	8678395	C	G	Recessive	0.812665
chr20	8678396	8678397	T	A	Recessive	0.835303
chr20	25284216	25284217	T	G	Recessive	0.698290
chr20	31388685	31388686	T	G	Recessive	0.859335
chr20	33092206	33092207	T	C	Recessive	0.921416
chr20	43251674	43251675	C	G	Recessive	0.276674
chr20	43251675	43251676	T	A	Recessive	0.296959
chr20	44521450	44521451	A	G	Recessive	0.328682
chr20	44526388	44526389	G	T	Recessive	0.526904
chr20	44527015	44527016	A	G	Recessive	0.336291
chr20	44527016	44527017	C	G	Recessive	0.333557
chr21	19666598	19666599	T	A	Recessive	0.203413
chr21	43795969	43795970	C	A	Recessive	0.304042
chr21	43802215	43802216	C	A	Recessive	0.402094
chr21	43803154	43803155	G	T	Recessive	0.357138
chr21	47565356	47565357	C	G	Recessive	0.181329
chr21	47572941	47572942	G	T	Recessive	0.231916
chr22	24909418	24909419	A	C	Recessive	0.234755
chr22	24911244	24911245	G	A	Recessive	0.280453
chr22	25023519	25023520	C	T	Recessive	0.593436
chr22	29092942	29092943	G	T	Dominant	0.123118
chr22	29092943	29092944	T	C	Dominant	0.130161
chr22	37407217	37407218	G	C	Dominant	0.431916
chr22	38519136	38519137	C	A	Recessive	0.615718
chr22	38519137	38519138	T	C	Recessive	0.399535
chr22	40750324	40750325	A	T	Recessive	0.527352
chr22	40757493	40757494	T	A	Recessive	0.505957
chr22	42461849	42461850	G	A	Recessive	0.007847
chr22	42461850	42461851	T	C	Recessive	0.318819
chr22	42461850	42461851	T	G	Recessive	0.378254
chr3	12570391	12570392	T	G	Recessive	0.170827
chr3	12571369	12571370	A	G	Recessive	0.213794
chr3	12571370	12571371	A	G	Recessive	0.174839
chr3	15686095	15686096	T	G	Recessive	0.236995
chr3	30713809	30713810	G	A	Dominant	0.791016
chr3	30713810	30713811	A	G	Dominant	0.838263
chr3	32188225	32188226	G	C	Dominant	0.553789
chr3	32188225	32188226	G	T	Dominant	0.546858
chr3	50339994	50339995	C	A	Recessive	0.193628
chr3	81640187	81640188	C	A	Recessive	0.325973
chr3	81643096	81643097	T	A	Recessive	0.328033
chr3	98309514	98309515	G	C	Dominant	0.705831
chr3	124457045	124457046	G	T	Recessive	0.623836
chr3	130683815	130683816	A	T	Dominant	0.850934
chr3	145788534	145788535	C	T	Recessive	0.104108
chr3	164716367	164716368	G	C	Recessive	0.298173
chr3	164725775	164725776	T	A	Recessive	0.282791
chr3	165548145	165548146	T	A	Recessive	0.106224
chr3	185251422	185251423	A	G	Recessive	0.002666
chr4	655977	655978	A	G	Dominant	0.261998
chr4	17493951	17493952	A	G	Recessive	0.425495
chr4	55599248	55599249	A	G	Dominant	0.791203
chr4	103585957	103585958	C	G	Recessive	0.414968
chr4	110662226	110662227	G	C	Recessive	0.425250
chr4	110667519	110667520	G	C	Recessive	0.394904
chr4	110667521	110667522	C	T	Recessive	0.162750
chr4	110670381	110670382	A	C	Recessive	0.432239
chr4	110670382	110670383	T	C	Recessive	0.270721
chr4	119203244	119203245	C	A	Recessive	0.325252
chr4	119204128	119204129	T	C	Recessive	0.382861
chr4	155665959	155665960	G	C	Recessive	0.432519
chr4	170511888	170511889	G	C	Recessive	0.431871
chr4	170511890	170511891	C	G	Recessive	0.542516
chr4	175416745	175416746	A	C	Recessive	0.186244
chr4	175416745	175416746	A	G	Recessive	0.139137
chr4	175416745	175416746	A	T	Recessive	0.212003
chr5	41803188	41803189	T	A	Recessive	0.720599
chr5	76709065	76709066	C	T	Dominant	0.927325
chr5	76709066	76709067	A	G	Dominant	0.869555
chr5	95743978	95743979	A	T	Recessive	0.608169
chr5	118814583	118814584	T	G	Recessive	0.473113
chr5	118814584	118814585	A	T	Recessive	0.339148
chr5	125896797	125896798	A	C	Recessive	0.437144
chr5	125896797	125896798	A	G	Recessive	0.430063
chr5	125896798	125896799	G	C	Recessive	0.250022
chr5	149274797	149274798	T	G	Recessive	0.195789
chr5	176830487	176830488	C	A	Recessive	0.192849
chr5	176830487	176830488	C	G	Recessive	0.198517
chr5	176830874	176830875	T	G	Recessive	0.101816
chr5	178581825	178581826	C	A	Recessive	0.756127
chr5	180043476	180043477	C	A	Dominant	0.863239
chr5	180043476	180043477	C	G	Dominant	0.828126
chr6	24522997	24522998	T	C	Recessive	0.457577
chr6	31827562	31827563	T	A	Recessive	0.386404
chr6	31829820	31829821	C	A	Recessive	0.593902
chr6	31901525	31901526	C	A	Recessive	0.189365
chr6	31910787	31910788	T	C	Recessive	0.002783
chr6	31911257	31911258	T	C	Recessive	0.027521
chr6	31911991	31911992	A	T	Recessive	0.037879
chr6	31912761	31912762	T	A	Recessive	0.368327
chr6	31952146	31952147	T	C	Recessive	0.261917
chr6	46675881	46675882	C	A	Dominant	0.127317
chr6	46677115	46677116	A	T	Dominant	0.116754
chr6	52884140	52884141	G	T	Recessive	0.529676
chr6	52884142	52884143	C	A	Recessive	0.585883
chr6	132179858	132179859	C	A	Recessive	0.610909
chr6	161159630	161159631	C	G	Recessive	0.583033
chr6	161771236	161771237	C	A	Recessive	0.190971
chr6	167352475	167352476	T	C	Recessive	0.398602
chr6	167352475	167352476	T	G	Recessive	0.506014
chr7	296978	296979	G	A	Recessive	0.686696
chr7	2565923	2565924	G	T	Recessive	0.777254
chr7	2565925	2565926	C	A	Recessive	0.678643
chr7	33063704	33063705	C	A	Recessive	0.346120
chr7	33063710	33063711	C	G	Recessive	0.236798
chr7	44104863	44104864	C	G	Recessive	0.340336
chr7	44104863	44104864	C	T	Recessive	0.287593
chr7	44105095	44105096	G	T	Recessive	0.326300
chr7	44105096	44105097	T	C	Recessive	0.163256
chr7	44105096	44105097	T	G	Recessive	0.240424
chr7	44105097	44105098	G	T	Recessive	0.335885
chr7	56088841	56088842	C	G	Recessive	0.637470
chr7	65439319	65439320	C	G	Recessive	0.576102
chr7	65439320	65439321	T	A	Recessive	0.637880
chr7	107559540	107559541	T	G	Recessive	0.572189
chr7	128034949	128034950	A	C	Dominant	0.576155
chr7	128034949	128034950	A	C	Recessive	0.576155
chr7	128034952	128034953	G	C	Dominant	0.537633
chr7	128034952	128034953	G	C	Recessive	0.537633
chr7	134346290	134346291	A	G	Recessive	0.343247
chr7	134346291	134346292	T	A	Recessive	0.502449
chr7	134346524	134346525	A	T	Recessive	0.505482
chr7	134346525	134346526	G	C	Recessive	0.396109
chr7	137773424	137773425	T	A	Recessive	0.279973
chr7	137773425	137773426	A	T	Recessive	0.166602
chr7	142458552	142458553	A	T	Dominant	0.252903
chr8	11418858	11418859	G	T	Dominant	0.366347
chr8	11418859	11418860	A	G	Dominant	0.271027
chr8	11418860	11418861	C	A	Dominant	0.182552
chr8	11418860	11418861	C	G	Dominant	0.182588
chr8	19810866	19810867	G	T	Recessive	0.624648
chr8	19811635	19811636	G	A	Recessive	0.593197
chr8	19811636	19811637	A	G	Recessive	0.558920
chr8	19811637	19811638	T	G	Recessive	0.553680
chr8	38272404	38272405	G	C	Dominant	0.782324
chr8	38272404	38272405	G	C	HI	0.782324
chr8	42037765	42037766	C	T	Dominant	0.207826
chr8	42038022	42038023	T	A	Dominant	0.265247
chr8	72182034	72182035	A	T	Dominant	0.314620
chr8	72182034	72182035	A	T	HI	0.314620
chr8	86377665	86377666	A	T	Recessive	0.144300
chr8	86386580	86386581	A	G	Recessive	0.307341
chr8	103237154	103237155	T	C	Dominant	0.517865
chr8	118817054	118817055	T	G	Dominant	0.648809
chr8	118817054	118817055	T	G	HI	0.648809
chr8	118817055	118817056	C	A	Dominant	0.690994
chr8	118817055	118817056	C	A	HI	0.690994
chr8	118817055	118817056	C	G	Dominant	0.548781
chr8	118817055	118817056	C	G	HI	0.548781
chr9	5090778	5090779	A	T	Dominant	0.812187
chr9	5090779	5090780	T	A	Dominant	0.674645
chr9	34648159	34648160	C	A	Recessive	0.555630
chr9	34648159	34648160	C	G	Recessive	0.549284
chr9	36222857	36222858	C	G	Recessive	0.740898
chr9	37436670	37436671	C	A	Recessive	0.462572
chr9	87570333	87570334	G	T	Dominant	0.915958
chr9	94486931	94486932	T	C	Dominant	0.609665
chr9	94486931	94486932	T	G	Dominant	0.616021
chr9	101907037	101907038	A	C	Dominant	0.861964
chr9	104124882	104124883	G	T	Recessive	0.547103
chr9	104124983	104124984	T	A	Recessive	0.489847
chr9	104187844	104187845	T	A	Recessive	0.124568
chr9	104188896	104188897	T	A	Recessive	0.138939
chr9	116151763	116151764	T	G	Recessive	0.609786
chr9	136029114	136029115	T	A	Dominant	0.103345
chr9	136029115	136029116	C	G	Dominant	0.061731
chr9	136507529	136507530	T	A	Recessive	0.179288
chr9	136516797	136516798	C	A	Recessive	0.143999
chrX	2867757	2867758	A	T	HI	0.689541
chrX	2867758	2867759	T	C	HI	0.601281
chrX	7175353	7175354	G	A	HI	0.753222
chrX	7177397	7177398	C	A	HI	0.662496
chrX	18598087	18598088	G	T	HI	0.956676
chrX	20211619	20211620	T	G	HI	0.977035
chrX	22002496	22002497	G	T	HI	0.958094
chrX	22002497	22002498	A	C	HI	0.940054
chrX	22237192	22237193	G	A	HI	0.741952
chrX	22244595	22244596	G	A	HI	0.780568
chrX	22244597	22244598	T	G	HI	0.680630
chrX	38271154	38271155	G	C	HI	0.781826
chrX	41598643	41598644	T	C	HI	0.894705
chrX	41598644	41598645	C	G	HI	0.909268
chrX	48339727	48339728	A	C	HI	0.893081
chrX	77286917	77286918	T	A	HI	0.650582
chrX	100611044	100611045	C	T	HI	0.935380
chrX	100653882	100653883	C	T	HI	0.792091
chrX	100656657	100656658	T	C	HI	0.844302
chrX	138642975	138642976	A	T	HI	0.914590
chrX	138643786	138643787	G	A	HI	0.883278
chrX	138644075	138644076	G	C	HI	0.857726
chrX	148584847	148584848	G	A	HI	0.731923
chrX	148584847	148584848	G	C	HI	0.663233
chrX	149826362	149826363	T	A	HI	0.797434
chrX	149826363	149826364	G	T	HI	0.798727
